date,player_code,web_name,now_cost,transfers_in_event,transfers_out_event,net_velocity,velocity_ratio,trend
2026-08-28,154561,Raya,6.0,106169,81446,24723,0.14,STABLE
2026-08-28,109745,Arrizabalaga,5.0,322,1380,-1058,-0.0106,STABLE
2026-08-28,437495,Meslier,5.0,101,492,-391,-0.0039,STABLE
2026-08-28,226597,Gabriel,8.0,58520,123252,-64732,-0.4097,STABLE
2026-08-28,445122,J.Timber,6.5,400,3095,-2695,-0.0269,STABLE
2026-08-28,462424,Saliba,6.0,842,6793,-5951,-0.0592,STABLE
2026-08-28,499169,Lewis-Skelly,5.5,9650,9003,647,0.0064,STABLE
2026-08-28,466075,Calafiori,5.6,308777,41329,267448,1.4567,RISING_LOCK
2026-08-28,448104,Hincapie,5.4,3893,40870,-36977,-0.359,STABLE
2026-08-28,198869,White,5.5,143996,24806,119190,1.0474,RISING_LOCK
2026-08-28,500040,Mosquera,5.5,15349,45612,-30263,-0.2717,STABLE
2026-08-28,223340,Saka,9.5,88460,34901,53559,0.4426,STABLE
2026-08-28,204480,Rice,7.5,35378,156779,-121401,-0.9087,FALLING_ALERT
2026-08-28,232413,Eze,6.5,5686,44285,-38599,-0.3733,STABLE
2026-08-28,184029,Ødegaard,6.6,288463,36557,251906,2.0381,RISING_LOCK
2026-08-28,248857,Madueke,6.4,1403,8202,-6799,-0.0676,STABLE
2026-08-28,195384,Merino,6.0,2412,15206,-12794,-0.1264,STABLE
2026-08-28,444145,Martinelli,6.4,1310,7012,-5702,-0.0568,STABLE
2026-08-28,481655,Zubimendi,5.5,1572,20489,-18917,-0.1855,STABLE
2026-08-28,616077,Dowman,5.4,471,2323,-1852,-0.0185,STABLE
2026-08-28,499175,Nwaneri,5.5,75,324,-249,-0.0025,STABLE
2026-08-28,438098,Fábio Vieira,5.5,80,215,-135,-0.0014,STABLE
2026-08-28,200641,Nelson,5.5,63,171,-108,-0.0011,STABLE
2026-08-28,224117,Gyökeres,7.4,8744,236598,-227854,-2.0128,FALLING_LOCK
2026-08-28,219847,Havertz,7.5,186687,38487,148200,1.2865,RISING_LOCK
2026-08-28,205651,G.Jesus,6.0,1901,7144,-5243,-0.0521,STABLE
2026-08-28,199798,Konsa,4.5,49470,228617,-179147,-1.4757,FALLING_LOCK
2026-08-28,208706,Bruno G.,6.9,846,126032,-125186,-1.1877,FALLING_LOCK
2026-08-28,439509,Tzolis,6.5,235264,55146,180118,1.1819,RISING_LOCK
2026-08-28,98980,Martinez,5.0,14402,56517,-42115,-0.39,STABLE
2026-08-28,72147,M.Bizot,4.5,838,876,-38,-0.0004,STABLE
2026-08-28,101188,Digne,4.5,0,4963,-4963,-0.0495,STABLE
2026-08-28,199796,Cash,4.5,26933,105782,-78849,-0.6845,STABLE
2026-08-28,149484,Mings,4.5,3245,3489,-244,-0.0024,STABLE
2026-08-28,244954,Pau,4.5,1829,5032,-3203,-0.0318,STABLE
2026-08-28,515597,Bogarde,5.0,632,975,-343,-0.0034,STABLE
2026-08-28,441302,Maatsen,4.5,2541,8806,-6265,-0.0618,STABLE
2026-08-28,184667,Lindelöf,4.5,1772,3990,-2218,-0.022,STABLE
2026-08-28,606798,A.García,4.0,7304,13860,-6556,-0.0634,STABLE
2026-08-28,578545,Nedeljkovic,4.0,0,7216,-7216,-0.0719,STABLE
2026-08-28,195546,Buendía,6.0,4994,21716,-16722,-0.1633,STABLE
2026-08-28,215711,Bailey,5.5,998,2642,-1644,-0.0164,STABLE
2026-08-28,122806,McGinn,5.5,7574,44387,-36813,-0.3486,STABLE
2026-08-28,88894,Barkley,5.0,1861,2702,-841,-0.0084,STABLE
2026-08-28,226944,Kamara,5.0,2481,4716,-2235,-0.0222,STABLE
2026-08-28,449871,Onana,5.0,156,528,-372,-0.0037,STABLE
2026-08-28,469247,Iling Jr,5.0,0,120,-120,-0.0012,STABLE
2026-08-28,645618,Burrowes,4.5,3503,6744,-3241,-0.032,STABLE
2026-08-28,577285,George Hemmings,4.5,8673,5457,3216,0.0317,STABLE
2026-08-28,653481,Alysson,5.0,342,590,-248,-0.0025,STABLE
2026-08-28,614071,Manzambi,6.0,232,8769,-8537,-0.085,STABLE
2026-08-28,448089,Gomes,5.5,154,1877,-1723,-0.0172,STABLE
2026-08-28,178301,Watkins,7.9,10620,274396,-263776,-2.2977,FALLING_LOCK
2026-08-28,173879,Abraham,5.5,595,2670,-2075,-0.0207,STABLE
2026-08-28,493105,Garnacho,6.0,2015,10522,-8507,-0.0842,STABLE
2026-08-28,690838,Madjo,5.5,1166,8887,-7721,-0.0766,STABLE
2026-08-28,487992,Ruggeri,4.5,854,1094,-240,-0.0024,STABLE
2026-08-28,433969,Suzuki,5.0,4205,6717,-2512,-0.0247,STABLE
2026-08-28,569577,Rowe,4.0,1549,245,1304,0.013,STABLE
2026-08-28,571380,Lynch,4.5,3587,829,2758,0.0275,STABLE
2026-08-28,214590,Wan-Bissaka,4.5,1543,162,1381,0.0138,STABLE
2026-08-28,119090,Goretzka,6.0,200,6,194,0.0019,STABLE
2026-08-28,457569,Petrović,4.5,25185,13961,11224,0.1051,STABLE
2026-08-28,40383,Forster,4.0,9495,10586,-1091,-0.0103,STABLE
2026-08-28,444172,Dennis,4.0,1133,1499,-366,-0.0036,STABLE
2026-08-28,463981,Hill,5.5,9095,6696,2399,0.0236,STABLE
2026-08-28,494521,Truffert,5.5,20447,25667,-5220,-0.0482,STABLE
2026-08-28,242882,Diakité,5.0,2710,2306,404,0.004,STABLE
2026-08-28,620487,Milosavljević,5.0,74,295,-221,-0.0022,STABLE
2026-08-28,54469,Smith,4.5,2816,1014,1802,0.018,STABLE
2026-08-28,436893,J.Araujo,4.5,87,505,-418,-0.0042,STABLE
2026-08-28,575901,Soler,4.0,415,2419,-2004,-0.02,STABLE
2026-08-28,499604,Rayan,6.5,23539,22044,1495,0.0142,STABLE
2026-08-28,201658,Tavernier,6.0,86265,12356,73909,0.7026,STABLE
2026-08-28,503139,Scott,6.0,8482,12821,-4339,-0.0421,STABLE
2026-08-28,222683,Kluivert,6.0,16191,9529,6662,0.0651,STABLE
2026-08-28,155408,Cook,5.0,3238,1694,1544,0.0154,STABLE
2026-08-28,496208,Gannon-Doak,5.0,364,828,-464,-0.0046,STABLE
2026-08-28,200785,Adams,5.0,3013,2849,164,0.0016,STABLE
2026-08-28,111317,Brooks,5.0,597,691,-94,-0.0009,STABLE
2026-08-28,158499,Christie,5.0,555,196,359,0.0036,STABLE
2026-08-28,614574,Tóth.A,5.0,100,145,-45,-0.0004,STABLE
2026-08-28,489888,Adli,5.0,54,970,-916,-0.0092,STABLE
2026-08-28,560262,Kroupi.Jr,7.5,462,13342,-12880,-0.128,STABLE
2026-08-28,444102,Evanilson,6.0,72106,18913,53193,0.5018,STABLE
2026-08-28,168636,Enes Ünal,5.5,0,1067,-1067,-0.0107,STABLE
2026-08-28,561245,Rodríguez,6.0,992,1177,-185,-0.0018,STABLE
2026-08-28,483067,Silva,5.0,7310,2174,5136,0.051,STABLE
2026-08-28,494928,Sanchez,4.5,450,1453,-1003,-0.01,STABLE
2026-08-28,523700,Jebbison,5.0,2463,421,2042,0.0204,STABLE
2026-08-28,230650,Di Gregorio,4.5,236,26,210,0.0021,STABLE
2026-08-28,200720,Kelleher,5.0,74025,19789,54236,0.48,STABLE
2026-08-28,507433,Valdimarsson,4.5,641,885,-244,-0.0024,STABLE
2026-08-28,432830,Collins,5.5,24996,9308,15688,0.1506,STABLE
2026-08-28,444765,Van den Berg,5.0,145,4115,-3970,-0.0396,STABLE
2026-08-28,249231,Lewis-Potter,5.5,52062,6674,45388,0.4432,STABLE
2026-08-28,191866,Ajer,4.5,69312,13777,55535,0.5133,STABLE
2026-08-28,607464,Kayode,4.6,309503,21014,288489,2.4956,RISING_LOCK
2026-08-28,194010,Henry,4.5,542,2129,-1587,-0.0158,STABLE
2026-08-28,472713,Hickey,4.5,622,535,87,0.0009,STABLE
2026-08-28,570241,Ji-soo,4.5,112,198,-86,-0.0009,STABLE
2026-08-28,513086,Schuster,4.5,141,1196,-1055,-0.0105,STABLE
2026-08-28,513418,Schade,6.0,24733,25565,-832,-0.0078,STABLE
2026-08-28,533463,O.Dango,6.5,7310,10847,-3537,-0.0346,STABLE
2026-08-28,440089,Damsgaard,5.5,2302,7496,-5194,-0.0514,STABLE
2026-08-28,207283,Jensen,5.5,3830,1329,2501,0.0249,STABLE
2026-08-28,204580,Janelt,5.0,33430,4249,29181,0.2889,STABLE
2026-08-28,543295,Milambo,5.0,28,45,-17,-0.0002,STABLE
2026-08-28,244858,Carvalho,5.0,153,246,-93,-0.0009,STABLE
2026-08-28,508395,Yarmoliuk,5.0,743,13080,-12337,-0.1207,STABLE
2026-08-28,183656,Dasilva,5.0,164,351,-187,-0.0019,STABLE
2026-08-28,444180,Anthony,6.0,1948,2374,-426,-0.0042,STABLE
2026-08-28,502500,Thiago,8.0,91312,140175,-48863,-0.3674,STABLE
2026-08-28,593174,Furo,4.5,8137,8399,-262,-0.0026,STABLE
2026-08-28,75115,Wilson,5.5,4326,4788,-462,-0.0046,STABLE
2026-08-28,513545,M.Sangaré,5.6,440949,23117,417832,3.535,RISING_LOCK
2026-08-28,613804,Diouf,4.5,555,28,527,0.0053,STABLE
2026-08-28,489639,Verbruggen,4.5,84212,45077,39135,0.2737,STABLE
2026-08-28,49262,Steele,4.0,10637,13938,-3301,-0.0306,STABLE
2026-08-28,231416,F.Kadıoğlu,4.5,2565,51234,-48669,-0.4662,STABLE
2026-08-28,204120,Boscagli,4.5,4075,1547,2528,0.0251,STABLE
2026-08-28,465730,De Cuyper,4.6,492612,21004,471608,4.0308,RISING_LOCK
2026-08-28,83299,Dunk,4.5,13283,5282,8001,0.0781,STABLE
2026-08-28,550090,Coppola,4.5,191,222,-31,-0.0003,STABLE
2026-08-28,223434,Igor,4.5,468,872,-404,-0.004,STABLE
2026-08-28,451490,Costinha,4.5,283,225,58,0.0006,STABLE
2026-08-28,454490,Svoboda,5.0,764,682,82,0.0008,STABLE
2026-08-28,451340,Mitoma,6.0,159,1232,-1073,-0.0107,STABLE
2026-08-28,592031,Minteh,6.0,140,3512,-3372,-0.0337,STABLE
2026-08-28,532529,Hinshelwood,6.0,139776,37527,102249,0.9775,RISING_ALERT
2026-08-28,60307,Groß,5.5,23987,104965,-80978,-0.6447,STABLE
2026-08-28,463067,Georginio,5.5,23853,14879,8974,0.088,STABLE
2026-08-28,219249,O'Riley,5.5,653,1348,-695,-0.0069,STABLE
2026-08-28,514254,Gomez,5.0,23689,16732,6957,0.0647,STABLE
2026-08-28,536916,Buonanotte,5.0,0,173,-173,-0.0017,STABLE
2026-08-28,509416,Ayari,5.5,3310,7553,-4243,-0.0419,STABLE
2026-08-28,467779,Wieffer,5.0,13363,3037,10326,0.1024,STABLE
2026-08-28,597320,Howell,4.5,0,1528,-1528,-0.0152,STABLE
2026-08-28,549074,Watson,5.0,0,54,-54,-0.0005,STABLE
2026-08-28,556637,Oriola,4.5,1694,2770,-1076,-0.0107,STABLE
2026-08-28,700308,Yohanna,5.0,373,873,-500,-0.005,STABLE
2026-08-28,608181,Tzimas,5.5,84,252,-168,-0.0017,STABLE
2026-08-28,647850,Kostoulas,5.5,1372,2138,-766,-0.0076,STABLE
2026-08-28,487117,Ferguson,5.0,318,619,-301,-0.003,STABLE
2026-08-28,222694,Struijk,5.0,1415,2538,-1123,-0.0112,STABLE
2026-08-28,610799,Vuskovic,5.0,21136,12263,8873,0.0845,STABLE
2026-08-28,538007,David,6.0,2512,4105,-1593,-0.0158,STABLE
2026-08-28,612855,Osman,5.0,217,142,75,0.0008,STABLE
2026-08-28,611695,Yalcouyé,4.5,4315,950,3365,0.0336,STABLE
2026-08-28,512123,Hadjam,4.5,1001,54,947,0.0095,STABLE
2026-08-28,244850,Rogers,7.5,250179,71161,179018,1.1731,RISING_LOCK
2026-08-28,56979,Henderson,5.0,214,689,-475,-0.0047,STABLE
2026-08-28,50175,Welbeck,6.0,3087,22359,-19272,-0.1889,STABLE
2026-08-28,215059,Sánchez,5.0,8889,26809,-17920,-0.1716,STABLE
2026-08-28,508479,Jörgensen,5.0,0,501,-501,-0.005,STABLE
2026-08-28,225796,James,5.5,62165,80874,-18709,-0.1559,STABLE
2026-08-28,180736,Chalobah,5.5,0,8046,-8046,-0.0803,STABLE
2026-08-28,482609,Gusto,5.0,13234,10883,2351,0.023,STABLE
2026-08-28,444463,Fofana,5.0,812,260,552,0.0055,STABLE
2026-08-28,242880,B.Badiashile,4.5,232,798,-566,-0.0057,STABLE
2026-08-28,109646,Tosin,4.5,263,2104,-1841,-0.0183,STABLE
2026-08-28,551210,Hato,4.5,4334,4452,-118,-0.0012,STABLE
2026-08-28,460028,Colwill,5.0,10526,17665,-7139,-0.0693,STABLE
2026-08-28,574458,M.Sarr,4.5,404,945,-541,-0.0054,STABLE
2026-08-28,577016,Acheampong,4.5,7972,3113,4859,0.0482,STABLE
2026-08-28,620109,Palestra,5.5,4953,68930,-63977,-0.614,STABLE
2026-08-28,244851,Palmer,9.5,373822,31765,342057,2.5719,RISING_LOCK
2026-08-28,448047,Enzo,7.0,14934,88519,-73585,-0.6776,STABLE
2026-08-28,247632,Neto,6.5,5617,23213,-17596,-0.1718,STABLE
2026-08-28,624773,Estêvão,6.5,5538,23650,-18112,-0.1772,STABLE
2026-08-28,463936,Gittens,6.0,270,766,-496,-0.005,STABLE
2026-08-28,486672,Caicedo,5.5,9475,97744,-88269,-0.8343,FALLING_ALERT
2026-08-28,514356,Lavia,5.0,1162,914,248,0.0025,STABLE
2026-08-28,491007,D.Essugo,4.5,1250,2880,-1630,-0.0162,STABLE
2026-08-28,593117,Quenda,5.5,229,819,-590,-0.0059,STABLE
2026-08-28,475168,João Pedro,7.6,402651,28017,374634,1.5807,RISING_LOCK
2026-08-28,517052,N.Jackson,6.5,5291,8174,-2883,-0.0287,STABLE
2026-08-28,499309,Marc Guiu,5.0,2168,6110,-3942,-0.0391,STABLE
2026-08-28,567119,Mheuka,4.5,2917,4393,-1476,-0.0147,STABLE
2026-08-28,503037,Emegha,5.0,1446,2325,-879,-0.0088,STABLE
2026-08-28,437499,Lacroix,6.0,63225,44492,18733,0.1574,STABLE
2026-08-28,549939,Penders,4.5,392,761,-369,-0.0037,STABLE
2026-08-28,622758,Anselmino,4.5,122,446,-324,-0.0032,STABLE
2026-08-28,543158,Barco,5.5,522,1650,-1128,-0.0113,STABLE
2026-08-28,465920,Mudryk,5.5,234,972,-738,-0.0074,STABLE
2026-08-28,498444,Chavarria,5.0,1072,2537,-1465,-0.0146,STABLE
2026-08-28,231065,Pinnock,4.5,564,965,-401,-0.004,STABLE
2026-08-28,428580,Onyeka,5.0,2433,1593,840,0.0084,STABLE
2026-08-28,472739,Rushworth,4.5,11699,4633,7066,0.069,STABLE
2026-08-28,484389,Dovin,4.0,2606,6367,-3761,-0.0365,STABLE
2026-08-28,110690,Wilson,4.5,226,3415,-3189,-0.0316,STABLE
2026-08-28,461102,Thomas,4.0,37762,23742,14020,0.1209,STABLE
2026-08-28,436761,Kitching,4.0,518,4762,-4244,-0.0419,STABLE
2026-08-28,451284,van Ewijk,4.0,34153,49600,-15447,-0.1224,STABLE
2026-08-28,173878,Dasilva,4.0,3193,4018,-825,-0.0081,STABLE
2026-08-28,465390,Kesler-Hayden,4.0,168,742,-574,-0.0057,STABLE
2026-08-28,80178,Bidwell,4.0,505,738,-233,-0.0023,STABLE
2026-08-28,204813,Latibeaudiere,4.0,156,417,-261,-0.0026,STABLE
2026-08-28,220583,Woolfenden,4.0,943,2205,-1262,-0.0126,STABLE
2026-08-28,577411,Brau,4.0,254,337,-83,-0.0008,STABLE
2026-08-28,539142,Amenda,4.0,3301,4472,-1171,-0.0115,STABLE
2026-08-28,480457,Rudoni,5.0,1239,1287,-48,-0.0005,STABLE
2026-08-28,168144,Grimes,5.0,2270,1604,666,0.0066,STABLE
2026-08-28,501459,Sakamoto,5.0,137,1445,-1308,-0.0131,STABLE
2026-08-28,241293,Mason-Clark,5.5,482,1570,-1088,-0.0109,STABLE
2026-08-28,439668,Eccles,5.0,69,291,-222,-0.0022,STABLE
2026-08-28,226965,Torp,5.5,544,1811,-1267,-0.0126,STABLE
2026-08-28,684268,Shepherd,4.5,1009,3153,-2144,-0.0213,STABLE
2026-08-28,469272,Tchaouna,5.5,2741,1440,1301,0.013,STABLE
2026-08-28,492498,Borges Rodrigues,4.5,676,1867,-1191,-0.0119,STABLE
2026-08-28,629397,Andrews,4.5,2560,7155,-4595,-0.0454,STABLE
2026-08-28,176412,Wright,5.5,106,5402,-5296,-0.0529,STABLE
2026-08-28,230730,Thomas-Asante,5.0,14483,7853,6630,0.0653,STABLE
2026-08-28,218997,Simms,5.0,19794,9525,10269,0.1007,STABLE
2026-08-28,551262,Markelo,5.0,0,590,-590,-0.0059,STABLE
2026-08-28,549653,Bassette,4.5,0,785,-785,-0.0078,STABLE
2026-08-28,210156,Awoniyi,5.5,8527,9236,-709,-0.007,STABLE
2026-08-28,661888,Yirenkyi,5.0,992,2563,-1571,-0.0156,STABLE
2026-08-28,196100,Hamer,5.5,383,1413,-1030,-0.0103,STABLE
2026-08-28,627221,Cherif,5.0,1706,1386,320,0.0032,STABLE
2026-08-28,485337,Guessand,5.5,476,620,-144,-0.0014,STABLE
2026-08-28,220362,Disasi,4.5,521,845,-324,-0.0032,STABLE
2026-08-28,172649,Henderson,5.0,5876,13724,-7848,-0.0758,STABLE
2026-08-28,121709,Benitez,4.5,467,1365,-898,-0.009,STABLE
2026-08-28,247348,Muñoz,5.5,15587,124661,-109074,-0.9371,FALLING_ALERT
2026-08-28,427623,Richards,5.0,4191,6407,-2216,-0.0219,STABLE
2026-08-28,651426,Canvot,5.0,813,3984,-3171,-0.0315,STABLE
2026-08-28,244723,Mitchell,4.5,5941,50028,-44087,-0.3972,STABLE
2026-08-28,218364,Sosa,4.5,126,352,-226,-0.0023,STABLE
2026-08-28,515621,Chadi Riad,4.5,320,2832,-2512,-0.0251,STABLE
2026-08-28,242313,Mingueza,4.5,198,1275,-1077,-0.0107,STABLE
2026-08-28,232185,Sarr,6.4,2100,205220,-203120,-1.9419,FALLING_LOCK
2026-08-28,496221,Wharton,5.5,6655,7764,-1109,-0.0109,STABLE
2026-08-28,488024,Yeremy,5.5,312,2438,-2126,-0.0212,STABLE
2026-08-28,108413,Hughes,4.5,20065,89664,-69599,-0.5733,STABLE
2026-08-28,152551,Lerma,5.0,202,1442,-1240,-0.0124,STABLE
2026-08-28,209400,Kamada,5.0,1924,3070,-1146,-0.0114,STABLE
2026-08-28,489706,Devenny,5.0,68,175,-107,-0.0011,STABLE
2026-08-28,606921,Esse,5.0,210,587,-377,-0.0038,STABLE
2026-08-28,536694,M.França,5.0,17,711,-694,-0.0069,STABLE
2026-08-28,438464,Doucouré,5.0,246,1055,-809,-0.0081,STABLE
2026-08-28,450542,J.Rak-Sakyi,5.0,39,90,-51,-0.0005,STABLE
2026-08-28,590014,Cardines,4.5,0,64,-64,-0.0006,STABLE
2026-08-28,672492,Drakes-Thomas,4.5,399,980,-581,-0.0058,STABLE
2026-08-28,247412,Strand Larsen,6.0,1484,7724,-6240,-0.0618,STABLE
2026-08-28,231747,Mateta,6.5,23822,71913,-48091,-0.4364,STABLE
2026-08-28,205533,Nketiah,5.5,3242,5749,-2507,-0.0248,STABLE
2026-08-28,660392,Uche,5.0,0,0,0,0.0,STABLE
2026-08-28,433154,McNeil,5.5,461,1809,-1348,-0.0134,STABLE
2026-08-28,169593,Matthews,4.0,5912,6210,-298,-0.0029,STABLE
2026-08-28,223723,Tomiyasu,4.5,826,2650,-1824,-0.0181,STABLE
2026-08-28,570794,Khalaili,5.0,452,822,-370,-0.0037,STABLE
2026-08-28,559152,Gozo,5.0,99,173,-74,-0.0007,STABLE
2026-08-28,128295,Nørgaard,5.0,102,2853,-2751,-0.0275,STABLE
2026-08-28,242898,Johnson,6.0,728,2562,-1834,-0.0183,STABLE
2026-08-28,111234,Pickford,5.5,63285,27988,35297,0.3001,STABLE
2026-08-28,229600,Travers,5.0,289,402,-113,-0.0011,STABLE
2026-08-28,138001,King,4.5,242,377,-135,-0.0014,STABLE
2026-08-28,17761,Tarkowski,6.0,42584,36694,5890,0.0502,STABLE
2026-08-28,480455,Branthwaite,5.5,19021,8829,10192,0.0982,STABLE
2026-08-28,106611,Keane,5.0,3247,24741,-21494,-0.2091,STABLE
2026-08-28,512462,O'Brien,5.0,1398,7670,-6272,-0.0622,STABLE
2026-08-28,224967,Mykolenko,4.5,21639,8983,12656,0.1224,STABLE
2026-08-28,243571,Patterson,4.5,206,366,-160,-0.0016,STABLE
2026-08-28,499300,Aznou,4.0,999,1682,-683,-0.0068,STABLE
2026-08-28,215413,Dewsbury-Hall,6.5,131859,26781,105078,0.9587,RISING_ALERT
2026-08-28,440993,Ndiaye,6.0,121866,59153,62713,0.4744,STABLE
2026-08-28,232928,Garner,6.0,1525,1643,-118,-0.0012,STABLE
2026-08-28,490094,Iroegbunam,5.0,21,345,-324,-0.0032,STABLE
2026-08-28,550615,George,5.5,2261,2458,-197,-0.002,STABLE
2026-08-28,502697,Alcaraz,5.0,748,1132,-384,-0.0038,STABLE
2026-08-28,609873,Armstrong,5.0,12690,2455,10235,0.1019,STABLE
2026-08-28,496661,Dibling,5.5,201,750,-549,-0.0055,STABLE
2026-08-28,513466,Röhl,5.0,511,635,-124,-0.0012,STABLE
2026-08-28,244860,Hackney,5.5,842,3163,-2321,-0.0231,STABLE
2026-08-28,486385,Beto,5.5,7677,42527,-34850,-0.3332,STABLE
2026-08-28,586309,Barry,5.5,149052,22244,126808,1.1851,RISING_LOCK
2026-08-28,80201,Leno,4.5,12090,11449,641,0.006,STABLE
2026-08-28,86873,Lecomte,4.0,1481,4088,-2607,-0.0255,STABLE
2026-08-28,505079,McNally,4.0,797,611,186,0.0019,STABLE
2026-08-28,174874,Andersen,5.0,2291,628,1663,0.0166,STABLE
2026-08-28,169528,Robinson,4.5,11125,9389,1736,0.0168,STABLE
2026-08-28,246301,J.Cuenca,4.5,777,259,518,0.0052,STABLE
2026-08-28,167074,Tete,4.5,337,2052,-1715,-0.017,STABLE
2026-08-28,232892,Bassey,4.5,6839,6014,825,0.0081,STABLE
2026-08-28,166477,Castagne,4.5,11986,2595,9391,0.093,STABLE
2026-08-28,153133,Iwobi,5.5,6044,9330,-3286,-0.0322,STABLE
2026-08-28,209289,Smith Rowe,5.5,1408,4719,-3311,-0.0328,STABLE
2026-08-28,560552,Kevin,5.5,419,858,-439,-0.0044,STABLE
2026-08-28,477555,Bobb,5.5,4493,2985,1508,0.015,STABLE
2026-08-28,207189,Berge,5.0,1461,3320,-1859,-0.0184,STABLE
2026-08-28,76357,Cairney,5.0,12,114,-102,-0.001,STABLE
2026-08-28,577725,King,5.5,34443,4127,30316,0.2996,STABLE
2026-08-28,184349,Sessegnon,4.5,953,2993,-2040,-0.0202,STABLE
2026-08-28,153366,Reed,4.5,5556,14411,-8855,-0.0861,STABLE
2026-08-28,244042,Muniz,5.5,2790,6849,-4059,-0.0401,STABLE
2026-08-28,631786,Kusi-Asare,4.5,23572,44041,-20469,-0.1799,STABLE
2026-08-28,551466,Gonzalo,6.0,150744,17071,133673,1.2377,RISING_LOCK
2026-08-28,571779,Palacios,5.5,904,1773,-869,-0.0087,STABLE
2026-08-28,463210,Charles,5.0,357,804,-447,-0.0045,STABLE
2026-08-28,547686,De Fougerolles,4.0,3042,470,2572,0.0257,STABLE
2026-08-28,167825,Phillips,4.0,3094,7044,-3950,-0.0383,STABLE
2026-08-28,105666,Butland,4.5,124,1733,-1609,-0.0161,STABLE
2026-08-28,494950,Cartwright,4.0,0,111,-111,-0.0011,STABLE
2026-08-28,444307,Lo-Tutala,4.0,0,381,-381,-0.0038,STABLE
2026-08-28,108416,Egan,4.0,42776,11121,31655,0.3044,STABLE
2026-08-28,501902,Hughes,4.0,99,2316,-2217,-0.0221,STABLE
2026-08-28,146426,Ajayi,4.0,78649,15515,63134,0.6071,STABLE
2026-08-28,193278,Coyle,4.0,2604,5057,-2453,-0.0242,STABLE
2026-08-28,433590,Drameh,4.0,1106,411,695,0.0069,STABLE
2026-08-28,232351,Giles,4.0,12838,4160,8678,0.0852,STABLE
2026-08-28,449428,Jacob,4.0,57,228,-171,-0.0017,STABLE
2026-08-28,661800,McCarthy,4.0,672,956,-284,-0.0028,STABLE
2026-08-28,160817,McNair,4.0,642,686,-44,-0.0004,STABLE
2026-08-28,540324,Belloumi,5.0,13820,4003,9817,0.097,STABLE
2026-08-28,232905,Millar,5.0,304,977,-673,-0.0067,STABLE
2026-08-28,171270,Dowell,4.5,1710,4236,-2526,-0.0251,STABLE
2026-08-28,101282,Crooks,4.5,10063,5667,4396,0.0434,STABLE
2026-08-28,243413,Slater,4.5,91737,22229,69508,0.6448,STABLE
2026-08-28,465525,Matazo,4.5,64,96,-32,-0.0003,STABLE
2026-08-28,208481,Ömür,5.0,209,387,-178,-0.0018,STABLE
2026-08-28,490161,Kamara,5.0,0,197,-197,-0.002,STABLE
2026-08-28,553783,Zambrano,4.5,486,2144,-1658,-0.0165,STABLE
2026-08-28,169432,McBurnie,5.5,82076,15837,66239,0.6345,STABLE
2026-08-28,213292,Akintola,5.0,912,938,-26,-0.0003,STABLE
2026-08-28,470294,Gyabi,4.5,64,523,-459,-0.0046,STABLE
2026-08-28,500957,Destan,4.5,0,8842,-8842,-0.0879,STABLE
2026-08-28,534392,Burstow,4.5,0,1207,-1207,-0.012,STABLE
2026-08-28,462635,Gelhardt,5.0,45,286,-241,-0.0024,STABLE
2026-08-28,169359,Targett,4.0,5372,15367,-9995,-0.0956,STABLE
2026-08-28,445028,Morita,5.0,117,328,-211,-0.0021,STABLE
2026-08-28,473284,Tzolakis,4.5,101339,12324,89015,0.8398,RISING_ALERT
2026-08-28,552946,Hjertø-Dahl,5.0,304,962,-658,-0.0066,STABLE
2026-08-28,608227,Stroud,5.0,1423,594,829,0.0083,STABLE
2026-08-28,597462,Herrington,4.0,2761,3572,-811,-0.008,STABLE
2026-08-28,606930,Mendy,4.0,177990,19332,158658,1.4636,RISING_LOCK
2026-08-28,469266,Gourna-Douath,5.0,135,313,-178,-0.0018,STABLE
2026-08-28,490884,Cho,5.0,21,2,19,0.0002,STABLE
2026-08-28,219924,Diop,4.0,26333,70406,-44073,-0.3289,STABLE
2026-08-28,212314,Lukić,5.0,1172,1330,-158,-0.0016,STABLE
2026-08-28,108813,Walton,4.5,208,4547,-4339,-0.043,STABLE
2026-08-28,112520,Palmer,4.0,7628,17222,-9594,-0.088,STABLE
2026-08-28,50093,Button,4.0,1939,1807,132,0.0013,STABLE
2026-08-28,183015,Kipré,4.0,331,4907,-4576,-0.0452,STABLE
2026-08-28,216616,O'Shea,4.0,15520,13843,1677,0.0157,STABLE
2026-08-28,455084,Davis,4.0,7266,21129,-13863,-0.1263,STABLE
2026-08-28,449429,Greaves,4.0,1631,6057,-4426,-0.0431,STABLE
2026-08-28,222018,Johnson,4.0,422,1021,-599,-0.006,STABLE
2026-08-28,176420,Furlong,4.0,266,4390,-4124,-0.0408,STABLE
2026-08-28,501390,Núñez,5.0,1191,1382,-191,-0.0019,STABLE
2026-08-28,241117,Matusiwa,5.0,8,111,-103,-0.001,STABLE
2026-08-28,149929,Burns,5.0,0,191,-191,-0.0019,STABLE
2026-08-28,231899,Taylor,4.5,110,878,-768,-0.0077,STABLE
2026-08-28,443261,Clarke,5.5,3191,2425,766,0.0076,STABLE
2026-08-28,229164,Ogbene,5.0,37,242,-205,-0.0021,STABLE
2026-08-28,531442,Fatawu,5.5,568,2748,-2180,-0.0217,STABLE
2026-08-28,543968,Emersonn,5.5,76505,16714,59791,0.5771,STABLE
2026-08-28,222625,Hirst,5.0,0,8664,-8664,-0.0863,STABLE
2026-08-28,481624,Philogene,5.5,106,3905,-3799,-0.0379,STABLE
2026-08-28,172453,Szmodics,5.0,0,409,-409,-0.0041,STABLE
2026-08-28,147675,Akpom,5.0,4605,6204,-1599,-0.0158,STABLE
2026-08-28,557012,Walle Egeli,4.5,40378,23299,17079,0.1627,STABLE
2026-08-28,462387,Al-Hamadi,5.0,755,2989,-2234,-0.0223,STABLE
2026-08-28,461587,McAteer,4.5,5586,11502,-5916,-0.0577,STABLE
2026-08-28,232457,Mehmeti,5.0,47,682,-635,-0.0063,STABLE
2026-08-28,546600,Van Oevelen,4.5,54,634,-580,-0.0058,STABLE
2026-08-28,442967,Maeda,5.5,737,4004,-3267,-0.0324,STABLE
2026-08-28,240514,Scherpen,4.5,1324,3534,-2210,-0.0218,STABLE
2026-08-28,216055,Florentino,5.0,211,2190,-1979,-0.0198,STABLE
2026-08-28,474120,Enciso,5.5,17537,4422,13115,0.1299,STABLE
2026-08-28,572584,Ouattara,4.0,2759,5832,-3073,-0.0301,STABLE
2026-08-28,524180,Humphreys,4.5,1270,332,938,0.0094,STABLE
2026-08-28,218543,Palacios,5.0,83,5,78,0.0008,STABLE
2026-08-28,153682,Wilson,6.5,14854,57337,-42483,-0.382,STABLE
2026-08-28,201595,Perri,4.5,327,5316,-4989,-0.0494,STABLE
2026-08-28,434752,Bijol,5.0,44937,8125,36812,0.3609,STABLE
2026-08-28,214225,Rodon,4.5,21359,12452,8907,0.0831,STABLE
2026-08-28,226182,Bogle,4.5,5900,3097,2803,0.0277,STABLE
2026-08-28,243526,Gudmundsson,4.5,65,989,-924,-0.0092,STABLE
2026-08-28,220627,Justin,4.5,43123,9310,33813,0.3302,STABLE
2026-08-28,437738,Bornauw,4.5,0,169,-169,-0.0017,STABLE
2026-08-28,522047,Muharemović,5.0,21401,11716,9685,0.0907,STABLE
2026-08-28,466525,Stach,6.0,80690,13581,67109,0.6379,STABLE
2026-08-28,435997,Okafor,6.0,1344,9097,-7753,-0.0769,STABLE
2026-08-28,427637,Aaronson,5.5,2574,8370,-5796,-0.0569,STABLE
2026-08-28,199598,Ampadu,5.5,4551,9379,-4828,-0.0471,STABLE
2026-08-28,180135,Longstaff,5.0,570,1624,-1054,-0.0105,STABLE
2026-08-28,492859,Gnonto,5.0,18,696,-678,-0.0068,STABLE
2026-08-28,221399,Harrison,5.0,0,36,-36,-0.0004,STABLE
2026-08-28,200617,James,5.0,851,1730,-879,-0.0088,STABLE
2026-08-28,486520,Gruev,5.0,9,129,-120,-0.0012,STABLE
2026-08-28,248056,Tanaka,5.0,894,4215,-3321,-0.0331,STABLE
2026-08-28,177815,Calvert-Lewin,6.0,83627,187334,-103707,-0.6606,STABLE
2026-08-28,174594,Nmecha,5.5,1907,9487,-7580,-0.075,STABLE
2026-08-28,235826,Piroe,5.0,0,5342,-5342,-0.0533,STABLE
2026-08-28,565297,Mateo Joseph,4.5,321,1045,-724,-0.0072,STABLE
2026-08-28,432720,Trafford,5.0,63440,15004,48436,0.4452,STABLE
2026-08-28,173774,Elvedi,4.5,354,278,76,0.0008,STABLE
2026-08-28,643970,Lienou,4.0,1483,318,1165,0.0116,STABLE
2026-08-28,592740,Cresswell,4.5,3013,709,2304,0.023,STABLE
2026-08-28,116535,A.Becker,5.5,25110,21089,4021,0.0374,STABLE
2026-08-28,449027,Mamardashvili,5.0,655,2033,-1378,-0.0137,STABLE
2026-08-28,155503,Woodman,4.0,3240,5504,-2264,-0.0222,STABLE
2026-08-28,586268,Pecsi,4.0,0,447,-447,-0.0045,STABLE
2026-08-28,432987,Jaros,4.0,163,179,-16,-0.0002,STABLE
2026-08-28,464353,Davies,4.0,641,709,-68,-0.0007,STABLE
2026-08-28,97032,Virgil,6.5,74213,78626,-4413,-0.0317,STABLE
2026-08-28,216094,Frimpong,5.5,24345,33388,-9043,-0.0847,STABLE
2026-08-28,544877,Kerkez,5.5,15532,34202,-18670,-0.1745,STABLE
2026-08-28,171287,Gomez,5.0,78,408,-330,-0.0033,STABLE
2026-08-28,492777,Bradley,5.0,79,217,-138,-0.0014,STABLE
2026-08-28,519440,Lucky,4.0,606,1134,-528,-0.0053,STABLE
2026-08-28,606702,Jacquet,5.0,22573,18046,4527,0.0432,STABLE
2026-08-28,647681,Leoni,4.0,182,518,-336,-0.0034,STABLE
2026-08-28,214285,Tsimikas,5.0,338,979,-641,-0.0064,STABLE
2026-08-28,489580,Ramsay,4.0,638,3736,-3098,-0.0309,STABLE
2026-08-28,494595,Wirtz,7.5,24796,122229,-97433,-0.7947,FALLING_ALERT
2026-08-28,243298,Gakpo,7.0,204299,27497,176802,1.5619,RISING_LOCK
2026-08-28,424876,Szoboszlai,7.0,243299,66934,176365,0.9441,RISING_ALERT
2026-08-28,611922,Ngumoha,6.0,5517,14778,-9261,-0.0906,STABLE
2026-08-28,223541,Chiesa,5.5,584,3529,-2945,-0.0294,STABLE
2026-08-28,441266,Gravenberch,6.0,14899,15100,-201,-0.0019,STABLE
2026-08-28,243016,Mac Allister,5.5,6534,21401,-14867,-0.1441,STABLE
2026-08-28,206915,C.Jones,5.5,33,1126,-1093,-0.0109,STABLE
2026-08-28,158983,Endo,5.0,484,982,-498,-0.005,STABLE
2026-08-28,591386,Nyoni,5.0,139,672,-533,-0.0053,STABLE
2026-08-28,535928,Bajcetic,5.0,8,29,-21,-0.0002,STABLE
2026-08-28,551499,Munoz,6.5,6456,5866,590,0.0058,STABLE
2026-08-28,491501,McConnell,4.5,883,2886,-2003,-0.0199,STABLE
2026-08-28,219168,Isak,9.0,72427,100417,-27990,-0.2108,STABLE
2026-08-28,510663,Ekitiké,7.5,709,3795,-3086,-0.0308,STABLE
2026-08-28,514514,Koumas,5.0,155,209,-54,-0.0005,STABLE
2026-08-28,500058,Danns,4.5,309,559,-250,-0.0025,STABLE
2026-08-28,444884,Elliott,5.5,379,1213,-834,-0.0083,STABLE
2026-08-28,445087,Araujo,5.5,23863,33604,-9741,-0.0924,STABLE
2026-08-28,114283,Grealish,6.5,1199,2380,-1181,-0.0118,STABLE
2026-08-28,204936,Donnarumma,5.5,33779,44719,-10940,-0.0938,STABLE
2026-08-28,122074,Bettinelli,4.5,135,236,-101,-0.001,STABLE
2026-08-28,472769,O'Reilly,6.5,68339,106686,-38347,-0.2708,STABLE
2026-08-28,209036,Guéhi,6.0,181763,41454,140309,1.0065,RISING_LOCK
2026-08-28,465351,Matheus N.,6.0,3027,17263,-14236,-0.1385,STABLE
2026-08-28,171314,Rúben,5.5,9806,12499,-2693,-0.026,STABLE
2026-08-28,477424,Gvardiol,5.5,226566,35095,191471,1.4982,RISING_LOCK
2026-08-28,448514,Aït-Nouri,5.5,2610,16679,-14069,-0.1385,STABLE
2026-08-28,578153,Khusanov,5.5,6065,14441,-8376,-0.081,STABLE
2026-08-28,494307,Alleyne,5.0,0,357,-357,-0.0036,STABLE
2026-08-28,477064,Lewis,4.5,3592,2508,1084,0.0108,STABLE
2026-08-28,616222,Vitor Reis,4.5,102,240,-138,-0.0014,STABLE
2026-08-28,437730,Semenyo,8.5,48631,171825,-123194,-0.8324,FALLING_ALERT
2026-08-28,209244,Foden,7.0,19877,46062,-26185,-0.2425,STABLE
2026-08-28,466052,Cherki,7.5,201434,41096,160338,1.3186,RISING_LOCK
2026-08-28,248875,Doku,7.5,494,69738,-69244,-0.6762,STABLE
2026-08-28,220566,Rodrigo,6.5,0,796,-796,-0.008,STABLE
2026-08-28,433036,Reijnders,6.0,0,5615,-5615,-0.056,STABLE
2026-08-28,91651,Kovačić,5.5,825,1283,-458,-0.0046,STABLE
2026-08-28,575204,Echeverri,5.0,93,296,-203,-0.002,STABLE
2026-08-28,155405,Phillips,5.0,0,305,-305,-0.0031,STABLE
2026-08-28,590039,Mukasa,4.5,926,2478,-1552,-0.0155,STABLE
2026-08-28,649208,Monga,5.0,76,279,-203,-0.002,STABLE
2026-08-28,223094,Haaland,15.5,68973,103196,-34223,-0.1453,STABLE
2026-08-28,215379,Anderson,6.4,10118,152799,-142681,-1.2739,FALLING_LOCK
2026-08-28,106921,Rulli,5.0,93,223,-130,-0.0013,STABLE
2026-08-28,637238,Bouaddi,5.5,3005,340,2665,0.0267,STABLE
2026-08-28,166989,Tielemans,6.0,12567,35528,-22961,-0.2195,STABLE
2026-08-28,535301,Baleba,5.0,2322,4404,-2082,-0.0207,STABLE
2026-08-28,532605,Andrey Santos,5.0,7421,15091,-7670,-0.0752,STABLE
2026-08-28,59735,Darlow,4.5,240,256,-16,-0.0002,STABLE
2026-08-28,465247,Lammens,5.0,34437,88179,-53742,-0.4102,STABLE
2026-08-28,451302,Bayindir,4.5,0,587,-587,-0.0059,STABLE
2026-08-28,21205,Heaton,4.0,214,1001,-787,-0.0079,STABLE
2026-08-28,596777,Dorgu,6.0,4780,28464,-23684,-0.2317,STABLE
2026-08-28,209365,De Ligt,5.0,117,498,-381,-0.0038,STABLE
2026-08-28,216051,Dalot,5.0,8154,33414,-25260,-0.241,STABLE
2026-08-28,95658,Maguire,5.0,52529,105621,-53092,-0.3962,STABLE
2026-08-28,221820,Martinez,5.0,6760,19459,-12699,-0.1238,STABLE
2026-08-28,550864,Yoro,5.0,1535,10694,-9159,-0.0905,STABLE
2026-08-28,606745,Heaven,4.5,3075,4170,-1095,-0.0109,STABLE
2026-08-28,230001,Mazraoui,4.5,5825,6069,-244,-0.0024,STABLE
2026-08-28,106760,Shaw,4.5,42580,116435,-73855,-0.5313,STABLE
2026-08-28,577974,Amass,4.0,886,1972,-1086,-0.0108,STABLE
2026-08-28,547676,Fredricson,4.0,0,677,-677,-0.0068,STABLE
2026-08-28,141746,B.Fernandes,12.0,48103,227060,-178957,-0.9121,FALLING_ALERT
2026-08-28,446008,Mbeumo,8.0,81533,218437,-136904,-0.7997,FALLING_ALERT
2026-08-28,430871,Cunha,8.0,26664,92411,-65747,-0.5544,STABLE
2026-08-28,176297,Rashford,7.0,14969,21973,-7004,-0.0677,STABLE
2026-08-28,184341,Mount,5.5,35,693,-658,-0.0066,STABLE
2026-08-28,493250,Amad,5.9,1575,58950,-57375,-0.5636,STABLE
2026-08-28,516895,Mainoo,5.5,3445,13640,-10195,-0.1001,STABLE
2026-08-28,232112,Ugarte,5.0,24,87,-63,-0.0006,STABLE
2026-08-28,547037,J.Fletcher,5.0,41,169,-128,-0.0013,STABLE
2026-08-28,576628,Lacey,5.0,323,589,-266,-0.0027,STABLE
2026-08-28,490881,Collyer,5.0,60,232,-172,-0.0017,STABLE
2026-08-28,576620,Bendito Mantato,4.5,955,2361,-1406,-0.014,STABLE
2026-08-28,519913,Fletcher,4.5,1322,3971,-2649,-0.0263,STABLE
2026-08-28,485711,Šeško,7.0,30369,15060,15309,0.1478,STABLE
2026-08-28,458249,Zirkzee,5.5,2042,13071,-11029,-0.1092,STABLE
2026-08-28,596047,Obi,4.5,6291,11526,-5235,-0.0512,STABLE
2026-08-28,465694,N.Gonzalez,5.5,2361,1734,627,0.0062,STABLE
2026-08-28,98747,Pope,5.0,2698,12232,-9534,-0.0929,STABLE
2026-08-28,81441,Gillespie,4.5,161,230,-69,-0.0007,STABLE
2026-08-28,554578,Jaouen,4.5,124,348,-224,-0.0022,STABLE
2026-08-28,465642,Thiaw,5.0,19684,10833,8851,0.0854,STABLE
2026-08-28,119471,Schär,5.0,1890,1877,13,0.0001,STABLE
2026-08-28,220237,Botman,5.0,8858,3272,5586,0.0553,STABLE
2026-08-28,78916,Burn,5.0,6247,75016,-68769,-0.6664,STABLE
2026-08-28,487838,Hall,5.0,52477,19321,33156,0.3064,STABLE
2026-08-28,441191,Livramento,5.0,91,1228,-1137,-0.0114,STABLE
2026-08-28,545477,A.Murphy,4.0,0,3271,-3271,-0.0326,STABLE
2026-08-28,201666,Barnes,6.0,14799,10246,4553,0.0445,STABLE
2026-08-28,449434,Elanga,6.0,94792,11787,83005,0.7951,RISING_ALERT
2026-08-28,232653,J.Ramsey,5.0,1433,4653,-3220,-0.032,STABLE
2026-08-28,114243,J.Murphy,6.0,713,2670,-1957,-0.0195,STABLE
2026-08-28,180974,Joelinton,5.5,48,1068,-1020,-0.0102,STABLE
2026-08-28,547719,L.Miley,5.5,1387,533,854,0.0085,STABLE
2026-08-28,200089,Willock,5.0,8679,1923,6756,0.0673,STABLE
2026-08-28,611665,Touré,6.0,510,4428,-3918,-0.039,STABLE
2026-08-28,636852,Steur,5.0,760,995,-235,-0.0023,STABLE
2026-08-28,470313,Woltemade,6.0,7168,30622,-23454,-0.2277,STABLE
2026-08-28,216646,Wissa,6.0,157623,23884,133739,1.2476,RISING_LOCK
2026-08-28,538207,Osula,6.0,20341,26268,-5927,-0.0582,STABLE
2026-08-28,599303,Neave,4.5,6445,8074,-1629,-0.016,STABLE
2026-08-28,632794,Bamba,5.0,688,1657,-969,-0.0097,STABLE
2026-08-28,470551,Horníček,5.0,5512,4222,1290,0.0127,STABLE
2026-08-28,463726,Dedić,4.5,10273,2138,8135,0.0807,STABLE
2026-08-28,553746,Shahar,4.0,3968,642,3326,0.0332,STABLE
2026-08-28,463034,Delap,5.5,7642,7534,108,0.0011,STABLE
2026-08-28,85633,Sels,5.0,3327,11651,-8324,-0.0808,STABLE
2026-08-28,221389,John,4.5,177,465,-288,-0.0029,STABLE
2026-08-28,215136,N.Williams,5.0,14105,81421,-67316,-0.5714,STABLE
2026-08-28,485047,Morato,5.0,230,663,-433,-0.0043,STABLE
2026-08-28,227444,Milenković,5.5,2586,16898,-14312,-0.1381,STABLE
2026-08-28,575476,Murillo,5.5,8546,11745,-3199,-0.031,STABLE
2026-08-28,159506,Aina,4.5,17694,22655,-4961,-0.0464,STABLE
2026-08-28,575458,Jair Cunha,4.5,259,1548,-1289,-0.0128,STABLE
2026-08-28,500151,Savona,4.5,111,48,63,0.0006,STABLE
2026-08-28,204822,O.Richards,4.0,495,1995,-1500,-0.0149,STABLE
2026-08-28,549067,Abbott,4.0,990,2210,-1220,-0.0121,STABLE
2026-08-28,470315,Netz,4.5,111,287,-176,-0.0018,STABLE
2026-08-28,538638,Bindon,4.0,365,1410,-1045,-0.0104,STABLE
2026-08-28,222531,Gibbs-White,8.0,8719,281407,-272688,-2.3427,FALLING_LOCK
2026-08-28,209046,Hudson-Odoi,6.0,722,5442,-4720,-0.047,STABLE
2026-08-28,456512,Ndoye,5.5,1480,5206,-3726,-0.037,STABLE
2026-08-28,503301,Hutchinson,5.5,209,2222,-2013,-0.02,STABLE
2026-08-28,476887,Bakwa,5.5,107,403,-296,-0.003,STABLE
2026-08-28,432714,McAtee,5.5,669,473,196,0.002,STABLE
2026-08-28,250199,Dominguez,5.0,214,1052,-838,-0.0084,STABLE
2026-08-28,210462,I.Sangaré,5.0,2849,17592,-14743,-0.1448,STABLE
2026-08-28,204968,Yates,4.5,1682,37047,-35365,-0.344,STABLE
2026-08-28,60689,Wood,6.0,4548,29119,-24571,-0.2386,STABLE
2026-08-28,482973,Igor Jesus,6.0,10189,58051,-47862,-0.4465,STABLE
2026-08-28,465680,Kalimuendo,5.5,339,754,-415,-0.0041,STABLE
2026-08-28,204561,Schlager,5.0,158,1133,-975,-0.0097,STABLE
2026-08-28,568420,Diomande,5.5,3477,12033,-8556,-0.0844,STABLE
2026-08-28,428971,Benda,4.5,621,543,78,0.0008,STABLE
2026-08-28,469142,Van Hecke,5.0,36481,98138,-61657,-0.5181,STABLE
2026-08-28,438234,Marmoush,7.0,39282,19274,20008,0.195,STABLE
2026-08-28,510281,Sávio,6.5,55024,6790,48234,0.4738,STABLE
2026-08-28,432422,Tonali,5.5,14046,51913,-37867,-0.3526,STABLE
2026-08-28,184254,Vicario,4.5,0,11416,-11416,-0.1137,STABLE
2026-08-28,214572,Austin,4.0,3198,3681,-483,-0.0047,STABLE
2026-08-28,485055,Kinsky,4.5,40121,81540,-41419,-0.2853,STABLE
2026-08-28,67089,Dubravka,4.0,34831,63416,-28585,-0.2086,STABLE
2026-08-28,221466,Senesi,6.0,15882,63801,-47919,-0.4167,STABLE
2026-08-28,441164,Pedro Porro,5.5,20365,316771,-296406,-2.3376,FALLING_LOCK
2026-08-28,221632,Romero,5.0,0,10766,-10766,-0.1074,STABLE
2026-08-28,135720,Danso,5.0,1018,2413,-1395,-0.0139,STABLE
2026-08-28,122798,Robertson,4.5,22044,23136,-1092,-0.0101,STABLE
2026-08-28,491279,Van de Ven,5.0,8303,124527,-116224,-1.0702,FALLING_LOCK
2026-08-28,232859,Spence,4.5,0,45709,-45709,-0.4526,STABLE
2026-08-28,487053,Udogie,4.5,1682,4670,-2988,-0.0296,STABLE
2026-08-28,548308,Phillips,4.5,0,658,-658,-0.0066,STABLE
2026-08-28,115556,Davies,4.0,2860,8933,-6073,-0.0595,STABLE
2026-08-28,640419,Byfield,4.0,315,555,-240,-0.0024,STABLE
2026-08-28,499716,Rowswell,4.0,330,693,-363,-0.0036,STABLE
2026-08-28,616221,Souza,4.0,1184,2682,-1498,-0.0149,STABLE
2026-08-28,460842,Kudus,6.5,269,2398,-2129,-0.0212,STABLE
2026-08-28,493362,Xavi,6.0,77,356,-279,-0.0028,STABLE
2026-08-28,511499,Tel,6.0,4141,10354,-6213,-0.0615,STABLE
2026-08-28,172780,Maddison,6.5,2686,36683,-33997,-0.3333,STABLE
2026-08-28,202993,Bentancur,5.5,596,2018,-1422,-0.0142,STABLE
2026-08-28,550839,Odobert,5.5,16,19,-3,-0.0,STABLE
2026-08-28,482442,P.M.Sarr,4.9,113,10429,-10316,-0.1027,STABLE
2026-08-28,232787,Gallagher,5.5,1197,4617,-3420,-0.034,STABLE
2026-08-28,570526,Bergvall,5.5,633,2184,-1551,-0.0154,STABLE
2026-08-28,445044,Kulusevski,6.5,75,241,-166,-0.0017,STABLE
2026-08-28,547701,Gray,5.0,1701,2531,-830,-0.0083,STABLE
2026-08-28,499721,Moore,5.0,2397,2508,-111,-0.0011,STABLE
2026-08-28,499726,Olusesi,4.5,2008,9277,-7269,-0.0715,STABLE
2026-08-28,551226,Fernandes,6.0,4491,31177,-26686,-0.2586,STABLE
2026-08-28,154566,Solanke,6.0,8138,20695,-12557,-0.1224,STABLE
2026-08-28,212319,Richarlison,6.0,14613,46039,-31426,-0.2976,STABLE
2026-08-28,490145,Scarlett,4.5,13113,17110,-3997,-0.0387,STABLE
2026-08-28,611917,Williams-Barnett,4.5,2622,583,2039,0.0203,STABLE
2026-08-28,498016,Roefs,5.0,4722,30127,-25405,-0.2357,STABLE
2026-08-28,232571,Patterson,4.0,0,2304,-2304,-0.0229,STABLE
2026-08-28,515046,Ellborg,4.5,208,853,-645,-0.0064,STABLE
2026-08-28,223827,Ballard,5.0,12696,49343,-36647,-0.3332,STABLE
2026-08-28,200834,Mukiele,5.5,5558,38209,-32651,-0.311,STABLE
2026-08-28,487676,Hume,4.5,13474,37115,-23641,-0.2096,STABLE
2026-08-28,201895,Alderete,5.0,2580,5214,-2634,-0.0261,STABLE
2026-08-28,434399,Reinildo,4.5,967,3554,-2587,-0.0257,STABLE
2026-08-28,519634,Seelt,4.5,58,127,-69,-0.0007,STABLE
2026-08-28,477547,Hjelde,4.0,0,988,-988,-0.0099,STABLE
2026-08-28,167512,O'Nien,4.0,4580,17400,-12820,-0.12,STABLE
2026-08-28,105717,Masuaku,4.0,0,4856,-4856,-0.0484,STABLE
2026-08-28,93605,Meunier,4.5,1004,1708,-704,-0.007,STABLE
2026-08-28,484420,E.Le Fée,6.0,11312,114213,-102901,-0.878,FALLING_ALERT
2026-08-28,547027,Diarra,5.5,332,1172,-840,-0.0084,STABLE
2026-08-28,84450,Xhaka,5.5,42465,18092,24373,0.2228,STABLE
2026-08-28,577669,Sadiki,5.0,1161,3482,-2321,-0.0231,STABLE
2026-08-28,535818,Adingra,5.0,53,3546,-3493,-0.0349,STABLE
2026-08-28,461199,Mundle,5.0,40,149,-109,-0.0011,STABLE
2026-08-28,554197,Rigg,5.0,98,618,-520,-0.0052,STABLE
2026-08-28,549912,Talbi,5.5,283,2823,-2540,-0.0253,STABLE
2026-08-28,699989,Jocelin.T,5.0,51,101,-50,-0.0005,STABLE
2026-08-28,536661,Angulo,5.0,5301,1366,3935,0.0393,STABLE
2026-08-28,441264,Brobbey,6.0,37977,118675,-80698,-0.6435,STABLE
2026-08-28,437505,Isidor,5.5,2451,12835,-10384,-0.102,STABLE
2026-08-28,638411,Methalie,4.5,95,26,69,0.0007,STABLE
2026-08-28,696104,Ahoka,4.5,2423,391,2032,0.0203,STABLE
