player_code,web_name,team,position,cost,expected_points,std_points,floor_p10,median_p50,ceiling_p90,haul_prob,expected_goals,expected_assists,expected_clean_sheet,expected_bonus
212314,Lukić,Ipswich Town,MID,5.0,7.1,6.17,0.0,5.0,16.0,0.364,0.659,0.408,0.326,1.221
183656,Dasilva,Brentford,MID,5.0,6.1,5.6,0.0,3.0,15.0,0.317,0.701,0.001,0.27,1.137
219924,Diop,Ipswich Town,DEF,5.0,5.83,5.46,0.0,6.0,14.0,0.209,0.478,0.051,0.332,0.464
210156,Awoniyi,Coventry City,FWD,5.0,4.88,4.54,0.0,2.0,12.0,0.118,0.634,0.021,0.141,1.024
591386,Nyoni,Liverpool,MID,5.0,4.85,4.71,0.0,2.0,11.0,0.209,0.495,0.033,0.182,0.811
223094,Haaland,Man City,FWD,5.0,4.27,4.23,0.0,2.0,11.0,0.103,0.544,0.041,0.157,0.724
109745,Arrizabalaga,Arsenal,GK,5.0,3.92,2.95,0.0,3.0,8.0,0.031,0.001,0.0,0.405,0.333
154561,Raya,Arsenal,GK,5.0,3.9,2.92,0.0,3.0,8.0,0.025,0.0,0.002,0.405,0.33
437495,Meslier,Arsenal,GK,5.0,3.88,2.96,0.0,3.0,8.0,0.032,0.001,0.0,0.397,0.339
219249,O'Riley,Brighton,MID,5.0,3.84,3.91,0.0,2.0,10.0,0.129,0.33,0.036,0.237,0.527
108813,Walton,Ipswich Town,GK,5.0,3.67,2.88,0.0,3.0,8.0,0.034,0.004,0.014,0.33,0.294
240514,Scherpen,Ipswich Town,GK,5.0,3.65,2.93,0.0,3.0,8.0,0.032,0.005,0.011,0.335,0.288
216055,Florentino,Ipswich Town,MID,5.0,3.6,3.29,0.0,2.0,9.0,0.09,0.152,0.243,0.332,0.335
616077,Dowman,Arsenal,MID,5.0,3.6,3.61,0.0,2.0,10.0,0.11,0.242,0.081,0.399,0.416
546600,Van Oevelen,Ipswich Town,GK,5.0,3.6,2.85,0.0,3.0,8.0,0.03,0.004,0.014,0.329,0.269
50093,Button,Ipswich Town,GK,5.0,3.59,2.9,0.0,3.0,8.0,0.035,0.004,0.015,0.328,0.289
112520,Palmer,Ipswich Town,GK,5.0,3.57,2.89,0.0,3.0,8.0,0.03,0.004,0.012,0.329,0.269
445122,J.Timber,Arsenal,DEF,5.0,3.56,3.16,0.0,2.0,6.0,0.033,0.069,0.022,0.405,0.079
466075,Calafiori,Arsenal,DEF,5.0,3.55,2.99,0.0,2.0,6.0,0.03,0.063,0.021,0.412,0.061
168636,Enes Ünal,Bournemouth,FWD,5.0,3.55,3.51,0.0,2.0,9.0,0.057,0.382,0.017,0.063,0.531
226597,Gabriel,Arsenal,DEF,5.0,3.47,2.89,0.0,2.0,6.0,0.021,0.038,0.033,0.416,0.062
173879,Abraham,Aston Villa,FWD,5.0,3.41,3.44,0.0,2.0,9.0,0.051,0.322,0.05,0.132,0.542
198869,White,Arsenal,DEF,5.0,3.39,2.83,0.0,2.0,6.0,0.022,0.021,0.05,0.406,0.06
448104,Hincapie,Arsenal,DEF,5.0,3.38,2.67,0.0,2.0,6.0,0.016,0.009,0.049,0.419,0.043
466052,Cherki,Man City,MID,5.0,3.36,3.35,0.0,2.0,9.0,0.073,0.166,0.221,0.154,0.284
216646,Wissa,Newcastle,FWD,5.0,3.34,3.34,0.0,2.0,9.0,0.043,0.292,0.064,0.194,0.509
446008,Mbeumo,Man Utd,MID,5.0,3.34,3.39,0.0,2.0,10.0,0.101,0.193,0.093,0.229,0.389
174594,Nmecha,Leeds,FWD,5.0,3.3,3.32,0.0,2.0,9.0,0.046,0.293,0.085,0.175,0.485
507433,Valdimarsson,Brentford,GK,5.0,3.29,2.87,0.0,2.0,8.0,0.032,0.001,0.0,0.263,0.344
141746,B.Fernandes,Man Utd,MID,5.0,3.28,3.16,0.0,2.0,9.0,0.079,0.143,0.197,0.223,0.298
647850,Kostoulas,Brighton,FWD,5.0,3.28,3.31,0.0,2.0,9.0,0.043,0.298,0.071,0.231,0.48
153366,Reed,Fulham,MID,5.0,3.25,3.07,0.0,2.0,8.0,0.06,0.114,0.271,0.192,0.264
200720,Kelleher,Brentford,GK,5.0,3.25,2.77,0.0,2.0,8.0,0.021,0.0,0.003,0.256,0.313
486385,Beto,Everton,FWD,5.0,3.24,3.35,0.0,2.0,9.0,0.037,0.31,0.009,0.181,0.518
200641,Nelson,Arsenal,MID,5.0,3.22,3.13,0.0,2.0,9.0,0.085,0.18,0.044,0.408,0.319
510281,Savinho,Man City,MID,5.0,3.22,3.29,0.0,2.0,9.0,0.071,0.207,0.089,0.158,0.3
500040,Mosquera,Arsenal,DEF,5.0,3.22,2.57,0.0,2.0,6.0,0.01,0.002,0.037,0.41,0.029
199798,Konsa,Arsenal,DEF,5.0,3.22,2.57,0.0,2.0,6.0,0.008,0.012,0.013,0.412,0.025
538207,Osula,Newcastle,FWD,5.0,3.21,3.16,0.0,2.0,9.0,0.036,0.268,0.065,0.196,0.466
462424,Saliba,Arsenal,DEF,5.0,3.21,2.62,0.0,2.0,6.0,0.009,0.009,0.026,0.406,0.033
111317,Brooks,Bournemouth,MID,5.0,3.2,3.24,0.0,2.0,9.0,0.066,0.183,0.163,0.06,0.29
172780,Maddison,Spurs,MID,5.0,3.18,3.29,0.0,2.0,9.0,0.087,0.198,0.052,0.223,0.371
209244,Foden,Man City,MID,5.0,3.18,3.26,0.0,2.0,9.0,0.071,0.184,0.105,0.16,0.288
60689,Wood,Nott'm Forest,FWD,5.0,3.17,3.2,0.0,2.0,9.0,0.035,0.293,0.025,0.172,0.476
201666,Barnes,Newcastle,MID,5.0,3.16,3.23,0.0,2.0,9.0,0.077,0.176,0.108,0.197,0.312
489639,Verbruggen,Brighton,GK,5.0,3.13,2.68,0.0,2.0,7.0,0.016,0.001,0.002,0.241,0.265
232185,Sarr,Crystal Palace,MID,5.0,3.13,3.29,0.0,2.0,9.0,0.087,0.213,0.021,0.208,0.363
222531,Gibbs-White,Nott'm Forest,MID,5.0,3.12,3.21,0.0,2.0,9.0,0.085,0.201,0.057,0.167,0.353
560262,Kroupi.Jr,Bournemouth,MID,5.0,3.12,3.3,0.0,2.0,9.0,0.068,0.226,0.055,0.06,0.324
465680,Kalimuendo,Nott'm Forest,FWD,5.0,3.11,3.19,0.0,2.0,8.0,0.033,0.29,0.013,0.169,0.468
437730,Semenyo,Man City,MID,5.0,3.1,3.24,0.0,2.0,9.0,0.07,0.218,0.038,0.158,0.311
209289,Smith Rowe,Fulham,MID,5.0,3.09,3.23,0.0,2.0,9.0,0.085,0.185,0.035,0.19,0.352
485055,Kinsky,Spurs,GK,5.0,3.08,2.67,0.0,2.0,7.0,0.022,0.0,0.001,0.232,0.28
49262,Steele,Brighton,GK,5.0,3.07,2.68,0.0,2.0,7.0,0.019,0.001,0.001,0.239,0.255
67089,Dubravka,Spurs,GK,5.0,3.06,2.66,0.0,2.0,7.0,0.024,0.0,0.001,0.232,0.261
231747,Mateta,Crystal Palace,FWD,5.0,3.05,3.15,0.0,2.0,9.0,0.029,0.266,0.021,0.217,0.455
105666,Butland,Hull City,GK,5.0,3.04,2.98,0.0,2.0,7.0,0.04,0.052,0.024,0.174,0.234
184254,Vicario,Spurs,GK,5.0,3.04,2.66,0.0,2.0,7.0,0.028,0.0,0.0,0.23,0.267
451340,Mitoma,Brighton,MID,5.0,3.02,2.92,0.0,2.0,8.0,0.06,0.138,0.099,0.234,0.259
214572,Austin,Spurs,GK,5.0,3.02,2.67,0.0,2.0,7.0,0.026,0.001,0.001,0.23,0.249
223340,Saka,Arsenal,MID,5.0,3.01,2.78,0.0,2.0,6.0,0.055,0.098,0.16,0.406,0.198
465730,De Cuyper,Brighton,DEF,5.0,3.01,3.16,0.0,2.0,6.0,0.041,0.058,0.175,0.239,0.098
451302,Bayindir,Man Utd,GK,5.0,3.01,2.58,0.0,2.0,7.0,0.022,0.001,0.003,0.228,0.221
59735,Darlow,Man Utd,GK,5.0,3.0,2.59,0.0,2.0,7.0,0.017,0.0,0.001,0.23,0.221
550615,George,Everton,MID,5.0,3.0,2.77,0.0,2.0,6.0,0.046,0.092,0.239,0.178,0.193
244042,Muniz,Fulham,FWD,5.0,3.0,3.08,0.0,2.0,8.0,0.025,0.27,0.006,0.189,0.462
21205,Heaton,Man Utd,GK,5.0,2.96,2.57,0.0,2.0,7.0,0.016,0.001,0.001,0.225,0.198
177815,Calvert-Lewin,Leeds,FWD,5.0,2.96,3.01,0.0,2.0,8.0,0.024,0.252,0.025,0.176,0.424
167825,Phillips,Hull City,GK,5.0,2.96,2.83,0.0,2.0,7.0,0.036,0.042,0.019,0.171,0.206
514254,Gomez,Brighton,MID,5.0,2.95,2.95,0.0,2.0,8.0,0.073,0.157,0.044,0.241,0.281
465247,Lammens,Man Utd,GK,5.0,2.93,2.5,0.0,2.0,7.0,0.011,0.001,0.001,0.221,0.196
444307,Lo-Tutala,Hull City,GK,5.0,2.93,2.74,0.0,2.0,7.0,0.035,0.033,0.026,0.169,0.21
473284,Tzolakis,Hull City,GK,5.0,2.92,2.7,0.0,2.0,7.0,0.025,0.029,0.032,0.172,0.2
444145,Martinelli,Arsenal,MID,5.0,2.92,2.69,0.0,2.0,7.0,0.057,0.12,0.057,0.409,0.226
244851,Palmer,Chelsea,MID,5.0,2.92,3.0,0.0,2.0,8.0,0.068,0.161,0.055,0.212,0.285
498016,Roefs,Sunderland,GK,5.0,2.92,2.59,0.0,2.0,7.0,0.022,0.0,0.003,0.204,0.261
438234,Marmoush,Man City,FWD,5.0,2.92,3.01,0.0,2.0,8.0,0.033,0.247,0.042,0.152,0.354
494950,Cartwright,Hull City,GK,5.0,2.92,2.8,0.0,2.0,7.0,0.034,0.038,0.029,0.169,0.204
532529,Hinshelwood,Brighton,MID,5.0,2.91,2.96,0.0,2.0,8.0,0.058,0.146,0.071,0.238,0.246
440993,Ndiaye,Everton,MID,5.0,2.91,2.88,0.0,2.0,8.0,0.063,0.138,0.102,0.183,0.257
215059,Sánchez,Chelsea,GK,5.0,2.9,2.65,0.0,2.0,7.0,0.022,0.001,0.001,0.208,0.252
121709,Benitez,Crystal Palace,GK,5.0,2.9,2.57,0.0,2.0,7.0,0.018,0.001,0.002,0.21,0.227
172649,Henderson,Crystal Palace,GK,5.0,2.9,2.6,0.0,2.0,7.0,0.021,0.001,0.002,0.211,0.23
435997,Okafor,Leeds,MID,5.0,2.89,2.94,0.0,2.0,8.0,0.058,0.155,0.05,0.178,0.267
515046,Ellborg,Sunderland,GK,5.0,2.89,2.61,0.0,2.0,7.0,0.023,0.001,0.003,0.201,0.258
86873,Lecomte,Fulham,GK,5.0,2.88,2.54,0.0,2.0,7.0,0.022,0.001,0.001,0.194,0.234
195384,Merino,Arsenal,MID,5.0,2.88,2.58,0.0,2.0,6.0,0.053,0.104,0.069,0.407,0.205
428580,Onyeka,Coventry City,MID,5.0,2.88,2.46,0.0,2.0,6.0,0.022,0.001,0.421,0.136,0.106
586309,Barry,Everton,FWD,5.0,2.87,2.93,0.0,2.0,8.0,0.024,0.233,0.017,0.181,0.404
508479,Jörgensen,Chelsea,GK,5.0,2.86,2.6,0.0,2.0,7.0,0.021,0.0,0.001,0.204,0.241
80201,Leno,Fulham,GK,5.0,2.86,2.52,0.0,2.0,7.0,0.015,0.001,0.001,0.191,0.235
223541,Chiesa,Liverpool,MID,5.0,2.86,2.89,0.0,2.0,7.1,0.055,0.141,0.082,0.182,0.239
169593,Matthews,Crystal Palace,GK,5.0,2.84,2.59,0.0,2.0,7.0,0.017,0.001,0.001,0.208,0.232
433036,Reijnders,Man City,MID,5.0,2.84,2.82,0.0,2.0,8.0,0.05,0.163,0.058,0.154,0.237
81441,Gillespie,Newcastle,GK,5.0,2.83,2.46,0.0,2.0,7.0,0.011,0.0,0.002,0.201,0.173
115556,Davies,Spurs,DEF,5.0,2.83,3.23,0.0,2.0,6.0,0.038,0.115,0.014,0.226,0.095
232571,Patterson,Sunderland,GK,5.0,2.83,2.54,0.0,2.0,7.0,0.017,0.0,0.001,0.201,0.233
572584,Ouattara,Ipswich Town,DEF,5.0,2.82,2.41,0.0,2.0,6.0,0.004,0.007,0.018,0.332,0.013
455084,Davis,Ipswich Town,DEF,5.0,2.82,2.48,0.0,2.0,6.0,0.004,0.007,0.016,0.333,0.02
183015,Kipré,Ipswich Town,DEF,5.0,2.81,2.46,0.0,2.0,6.0,0.006,0.004,0.019,0.335,0.018
488024,Yeremy,Crystal Palace,MID,5.0,2.81,2.69,0.0,2.0,6.0,0.045,0.092,0.147,0.211,0.185
549939,Penders,Chelsea,GK,5.0,2.8,2.57,0.0,2.0,7.0,0.015,0.001,0.0,0.198,0.235
505079,McNally,Fulham,GK,5.0,2.8,2.5,0.0,2.0,7.0,0.016,0.002,0.0,0.189,0.215
554578,Jaouen,Newcastle,GK,5.0,2.79,2.38,0.0,2.0,6.0,0.007,0.0,0.0,0.201,0.148
448047,Enzo,Chelsea,MID,5.0,2.78,2.7,0.0,2.0,6.0,0.05,0.116,0.098,0.208,0.217
477555,Bobb,Fulham,MID,5.0,2.78,2.68,0.0,2.0,6.0,0.052,0.108,0.114,0.194,0.208
592031,Minteh,Brighton,MID,5.0,2.78,2.67,0.0,2.0,6.0,0.045,0.098,0.125,0.234,0.183
449429,Greaves,Ipswich Town,DEF,5.0,2.78,2.47,0.0,2.0,6.0,0.004,0.007,0.011,0.331,0.02
178301,Watkins,Aston Villa,FWD,5.0,2.78,2.89,0.0,2.0,8.0,0.025,0.225,0.022,0.134,0.36
176420,Furlong,Ipswich Town,DEF,5.0,2.77,2.45,0.0,2.0,6.0,0.005,0.007,0.011,0.327,0.018
590039,Mukasa,Man City,MID,5.0,2.77,2.11,0.0,2.0,5.0,0.005,0.001,0.378,0.159,0.027
216616,O'Shea,Ipswich Town,DEF,5.0,2.77,2.52,0.0,2.0,6.0,0.007,0.013,0.017,0.323,0.021
114243,J.Murphy,Newcastle,MID,5.0,2.77,2.69,0.0,2.0,6.0,0.043,0.108,0.126,0.194,0.184
98747,Pope,Newcastle,GK,5.0,2.77,2.4,0.0,2.0,6.0,0.012,0.003,0.001,0.195,0.145
205651,G.Jesus,Arsenal,FWD,5.0,2.76,2.83,0.0,2.0,8.0,0.023,0.203,0.03,0.406,0.355
577725,King,Fulham,MID,5.0,2.76,2.88,0.0,2.0,8.0,0.064,0.145,0.034,0.193,0.253
624773,Estêvão,Chelsea,MID,5.0,2.76,2.74,0.0,2.0,6.0,0.056,0.106,0.108,0.2,0.224
201658,Tavernier,Bournemouth,MID,5.0,2.76,2.82,0.0,2.0,7.0,0.048,0.139,0.103,0.062,0.225
470551,Horníček,Newcastle,GK,5.0,2.75,2.47,0.0,2.0,6.0,0.019,0.0,0.001,0.188,0.17
248875,Doku,Man City,MID,5.0,2.75,2.66,0.0,2.0,6.0,0.039,0.102,0.146,0.157,0.166
493250,Amad,Man Utd,MID,5.0,2.75,2.67,0.0,2.0,6.0,0.053,0.102,0.103,0.225,0.207
493105,Garnacho,Aston Villa,MID,5.0,2.75,2.72,0.0,2.0,6.0,0.048,0.109,0.134,0.133,0.207
208706,Bruno G.,Arsenal,MID,5.0,2.74,2.37,0.0,2.0,6.0,0.041,0.071,0.106,0.412,0.142
485711,Šeško,Man Utd,FWD,5.0,2.74,2.85,0.0,2.0,8.0,0.018,0.223,0.009,0.223,0.391
222018,Johnson,Ipswich Town,DEF,5.0,2.74,2.48,0.0,2.0,6.0,0.007,0.008,0.015,0.32,0.022
432720,Trafford,Leeds,GK,5.0,2.73,2.49,0.0,2.0,7.0,0.012,0.001,0.001,0.179,0.234
430871,Cunha,Man Utd,MID,5.0,2.73,2.74,0.0,2.0,6.0,0.058,0.118,0.068,0.234,0.224
205533,Nketiah,Crystal Palace,FWD,5.0,2.72,2.72,0.0,2.0,8.0,0.015,0.174,0.059,0.214,0.333
219847,Havertz,Arsenal,FWD,5.0,2.71,2.8,0.0,2.0,8.0,0.021,0.198,0.045,0.412,0.355
153682,Wilson,Leeds,MID,5.0,2.71,2.6,0.0,2.0,6.0,0.046,0.103,0.102,0.178,0.191
111234,Pickford,Everton,GK,5.0,2.7,2.47,0.0,2.0,7.0,0.017,0.001,0.004,0.177,0.204
138001,King,Everton,GK,5.0,2.7,2.48,0.0,2.0,7.0,0.017,0.0,0.001,0.174,0.208
116535,A.Becker,Liverpool,GK,5.0,2.69,2.35,0.0,2.0,6.0,0.012,0.0,0.001,0.183,0.141
76357,Cairney,Fulham,MID,5.0,2.68,2.66,0.0,2.0,6.0,0.052,0.113,0.059,0.189,0.213
470313,Woltemade,Newcastle,FWD,5.0,2.68,2.72,0.0,2.0,8.0,0.023,0.171,0.067,0.197,0.294
155503,Woodman,Liverpool,GK,5.0,2.67,2.39,0.0,2.0,6.0,0.013,0.0,0.001,0.187,0.145
232413,Eze,Arsenal,MID,5.0,2.67,2.41,0.0,2.0,5.0,0.039,0.087,0.07,0.404,0.147
201595,Perri,Leeds,GK,5.0,2.67,2.43,0.0,2.0,7.0,0.011,0.001,0.002,0.177,0.2
244858,Carvalho,Brentford,MID,5.0,2.67,2.67,0.0,2.0,6.0,0.059,0.121,0.015,0.268,0.242
475168,João Pedro,Chelsea,FWD,5.0,2.66,2.71,0.0,2.0,8.0,0.017,0.183,0.035,0.199,0.342
428971,Benda,Nott'm Forest,GK,5.0,2.66,2.38,0.0,2.0,6.0,0.013,0.001,0.001,0.163,0.198
608181,Tzimas,Brighton,FWD,5.0,2.65,2.62,0.0,2.0,8.0,0.016,0.173,0.043,0.238,0.306
215413,Dewsbury-Hall,Everton,MID,5.0,2.65,2.49,0.0,2.0,5.0,0.04,0.084,0.134,0.184,0.161
229600,Travers,Everton,GK,5.0,2.64,2.4,0.0,2.0,6.0,0.013,0.0,0.001,0.169,0.188
467779,Wieffer,Brighton,DEF,5.0,2.64,2.76,0.0,2.0,6.0,0.02,0.051,0.055,0.238,0.045
221389,John,Nott'm Forest,GK,5.0,2.64,2.41,0.0,2.0,7.0,0.011,0.002,0.002,0.162,0.192
464353,Davies,Liverpool,GK,5.0,2.64,2.38,0.0,2.0,6.0,0.015,0.0,0.001,0.178,0.15
458249,Zirkzee,Man Utd,FWD,5.0,2.64,2.75,0.0,2.0,8.0,0.018,0.191,0.034,0.227,0.342
611922,Ngumoha,Liverpool,MID,5.0,2.64,2.47,0.0,2.0,5.0,0.032,0.07,0.185,0.179,0.135
432987,Jaros,Liverpool,GK,5.0,2.63,2.43,0.0,2.0,6.0,0.015,0.0,0.0,0.184,0.151
461199,Mundle,Sunderland,MID,5.0,2.63,2.5,0.0,2.0,6.0,0.041,0.102,0.056,0.207,0.202
449027,Mamardashvili,Liverpool,GK,5.0,2.63,2.41,0.0,2.0,6.0,0.013,0.0,0.0,0.182,0.141
560552,Kevin,Fulham,MID,5.0,2.62,2.46,0.0,2.0,5.0,0.041,0.09,0.09,0.189,0.174
586268,Pecsi,Liverpool,GK,5.0,2.62,2.35,0.0,2.0,6.0,0.011,0.001,0.0,0.179,0.137
224117,Gyökeres,Arsenal,FWD,5.0,2.62,2.66,0.0,2.0,8.0,0.017,0.17,0.038,0.406,0.311
574458,M.Sarr,Chelsea,DEF,5.0,2.61,3.05,0.0,1.0,6.0,0.029,0.089,0.002,0.218,0.084
576628,Lacey,Man Utd,MID,5.0,2.61,2.53,0.0,2.0,5.0,0.051,0.115,0.014,0.234,0.213
503301,Hutchinson,Nott'm Forest,MID,5.0,2.6,2.39,0.0,2.0,5.0,0.028,0.066,0.175,0.161,0.13
489706,Devenny,Crystal Palace,MID,5.0,2.6,2.61,0.0,2.0,6.0,0.052,0.121,0.029,0.206,0.211
204480,Rice,Arsenal,MID,5.0,2.6,2.0,0.0,2.0,5.0,0.021,0.034,0.127,0.408,0.08
248857,Madueke,Arsenal,MID,5.0,2.59,1.98,0.0,2.0,5.0,0.02,0.036,0.118,0.413,0.076
209046,Hudson-Odoi,Nott'm Forest,MID,5.0,2.59,2.44,0.0,2.0,5.0,0.037,0.08,0.122,0.17,0.157
235826,Piroe,Leeds,FWD,5.0,2.59,2.62,0.0,2.0,7.0,0.02,0.168,0.038,0.181,0.287
85633,Sels,Nott'm Forest,GK,5.0,2.58,2.4,0.0,2.0,6.0,0.013,0.001,0.003,0.161,0.191
472769,O'Reilly,Man City,DEF,5.0,2.58,3.07,0.0,1.0,6.0,0.032,0.131,0.044,0.161,0.053
510663,Ekitiké,Liverpool,FWD,5.0,2.58,2.55,0.0,2.0,7.0,0.012,0.165,0.062,0.18,0.266
607464,Kayode,Brentford,DEF,5.0,2.58,2.48,0.0,2.0,6.0,0.012,0.007,0.053,0.267,0.043
536916,Buonanotte,Brighton,MID,5.0,2.58,2.16,0.0,2.0,5.0,0.018,0.035,0.199,0.238,0.091
499309,Marc Guiu,Chelsea,FWD,5.0,2.57,2.55,0.0,2.0,7.0,0.015,0.159,0.049,0.206,0.277
444765,Van den Berg,Brentford,DEF,5.0,2.57,2.59,0.0,2.0,6.0,0.013,0.021,0.029,0.265,0.051
472713,Hickey,Brentford,DEF,5.0,2.56,2.44,0.0,2.0,6.0,0.005,0.016,0.022,0.269,0.035
200617,James,Leeds,MID,5.0,2.56,2.48,0.0,2.0,5.0,0.038,0.086,0.086,0.172,0.166
243298,Gakpo,Liverpool,MID,5.0,2.56,2.42,0.0,2.0,5.0,0.035,0.083,0.087,0.18,0.157
432830,Collins,Brentford,DEF,5.0,2.55,2.47,0.0,2.0,6.0,0.006,0.013,0.033,0.265,0.035
231416,F.Kadıoğlu,Brighton,DEF,5.0,2.55,2.67,0.0,2.0,6.0,0.02,0.034,0.076,0.236,0.046
494595,Wirtz,Liverpool,MID,5.0,2.55,2.42,0.0,2.0,5.0,0.036,0.079,0.108,0.178,0.154
482973,Igor Jesus,Nott'm Forest,FWD,5.0,2.55,2.55,0.0,2.0,7.0,0.013,0.153,0.043,0.173,0.29
484420,E.Le Fée,Sunderland,MID,5.0,2.55,2.3,0.0,2.0,5.0,0.036,0.068,0.095,0.204,0.168
91651,Kovačić,Man City,MID,5.0,2.54,2.28,0.0,2.0,5.0,0.029,0.061,0.158,0.157,0.106
184349,Sessegnon,Fulham,DEF,5.0,2.54,2.87,0.0,2.0,6.0,0.026,0.066,0.052,0.196,0.067
222694,Struijk,Brighton,DEF,5.0,2.53,2.72,0.0,2.0,6.0,0.017,0.052,0.011,0.237,0.042
502697,Alcaraz,Everton,MID,5.0,2.52,2.42,0.0,2.0,5.0,0.038,0.091,0.057,0.183,0.17
184029,Ødegaard,Arsenal,MID,5.0,2.52,1.94,0.0,2.0,5.0,0.015,0.03,0.133,0.402,0.054
476887,Bakwa,Nott'm Forest,MID,5.0,2.52,2.28,0.0,2.0,5.0,0.026,0.065,0.141,0.167,0.118
437505,Isidor,Sunderland,FWD,5.0,2.52,2.6,0.0,2.0,8.0,0.014,0.173,0.009,0.203,0.316
209365,De Ligt,Man Utd,DEF,5.0,2.51,2.68,0.0,2.0,6.0,0.018,0.052,0.036,0.225,0.041
50175,Welbeck,Chelsea,FWD,5.0,2.51,2.51,0.0,2.0,7.0,0.013,0.159,0.022,0.211,0.279
465642,Thiaw,Newcastle,DEF,5.0,2.51,2.84,0.0,2.0,6.0,0.023,0.081,0.026,0.196,0.046
533463,O.Dango,Brentford,MID,5.0,2.5,2.24,0.0,2.0,5.0,0.035,0.057,0.11,0.262,0.127
204936,Donnarumma,Man City,GK,5.0,2.5,2.23,0.0,2.0,6.0,0.009,0.001,0.002,0.154,0.108
114283,Grealish,Man City,MID,5.0,2.5,2.34,0.0,2.0,5.0,0.033,0.082,0.095,0.158,0.134
247348,Muñoz,Crystal Palace,DEF,5.0,2.5,2.7,0.0,2.0,6.0,0.019,0.041,0.089,0.21,0.05
106921,Rulli,Man City,GK,5.0,2.5,2.23,0.0,2.0,6.0,0.006,0.001,0.001,0.157,0.102
222683,Kluivert,Bournemouth,MID,5.0,2.49,2.45,0.0,2.0,5.0,0.029,0.097,0.103,0.059,0.151
427637,Aaronson,Leeds,MID,5.0,2.49,2.38,0.0,2.0,5.0,0.033,0.088,0.087,0.178,0.155
449434,Elanga,Newcastle,MID,5.0,2.49,2.21,0.0,2.0,5.0,0.023,0.061,0.113,0.198,0.115
122074,Bettinelli,Man City,GK,5.0,2.49,2.23,0.0,2.0,6.0,0.006,0.002,0.0,0.157,0.104
433969,Suzuki,Aston Villa,GK,5.0,2.48,2.35,0.0,2.0,6.0,0.017,0.001,0.002,0.138,0.201
110690,Wilson,Coventry City,GK,5.0,2.48,2.45,0.0,2.0,6.0,0.024,0.001,0.001,0.135,0.233
547027,Diarra,Sunderland,MID,5.0,2.48,2.47,0.0,2.0,5.0,0.044,0.102,0.03,0.194,0.208
247632,Neto,Chelsea,MID,5.0,2.48,2.21,0.0,2.0,5.0,0.025,0.053,0.124,0.205,0.117
72147,M.Bizot,Aston Villa,GK,5.0,2.48,2.28,0.0,2.0,6.0,0.011,0.0,0.0,0.141,0.18
472739,Rushworth,Coventry City,GK,5.0,2.47,2.38,0.0,2.0,6.0,0.019,0.002,0.002,0.137,0.22
195546,Buendía,Aston Villa,MID,5.0,2.47,2.35,0.0,2.0,5.0,0.035,0.089,0.064,0.142,0.164
184341,Mount,Man Utd,MID,5.0,2.47,2.21,0.0,2.0,5.0,0.029,0.062,0.084,0.228,0.128
509416,Ayari,Brighton,MID,5.0,2.47,2.34,0.0,2.0,3.1,0.037,0.083,0.037,0.239,0.154
166477,Castagne,Fulham,DEF,5.0,2.46,2.83,0.0,1.0,6.0,0.025,0.067,0.042,0.191,0.061
466525,Stach,Leeds,MID,5.0,2.46,2.22,0.0,2.0,5.0,0.027,0.057,0.115,0.177,0.121
122798,Robertson,Spurs,DEF,5.0,2.46,2.68,0.0,1.0,6.0,0.019,0.03,0.043,0.231,0.052
484389,Dovin,Coventry City,GK,5.0,2.46,2.44,0.0,2.0,6.0,0.021,0.001,0.001,0.141,0.225
444102,Evanilson,Bournemouth,FWD,5.0,2.46,2.4,0.0,2.0,7.0,0.012,0.155,0.029,0.064,0.235
489888,Adli,Bournemouth,MID,5.0,2.45,2.45,0.0,2.0,5.0,0.035,0.1,0.096,0.059,0.157
200089,Willock,Newcastle,MID,5.0,2.45,2.17,0.0,2.0,5.0,0.028,0.066,0.093,0.194,0.124
191866,Ajer,Brentford,DEF,5.0,2.45,2.39,0.0,2.0,6.0,0.006,0.006,0.025,0.264,0.034
98980,Martinez,Aston Villa,GK,5.0,2.45,2.33,0.0,2.0,6.0,0.013,0.001,0.001,0.134,0.194
596777,Dorgu,Man Utd,MID,5.0,2.44,2.23,0.0,2.0,5.0,0.032,0.071,0.07,0.227,0.143
487838,Hall,Newcastle,DEF,5.0,2.44,2.63,0.0,2.0,6.0,0.017,0.025,0.113,0.191,0.043
493362,Xavi,Spurs,MID,5.0,2.44,2.14,0.0,2.0,5.0,0.029,0.056,0.086,0.228,0.125
231065,Pinnock,Brentford,DEF,5.0,2.44,2.31,0.0,2.0,6.0,0.003,0.001,0.013,0.272,0.027
207283,Jensen,Brentford,MID,5.0,2.44,1.91,0.0,2.0,5.0,0.015,0.018,0.162,0.27,0.072
499604,Rayan,Bournemouth,MID,5.0,2.43,2.36,0.0,2.0,5.0,0.028,0.086,0.108,0.058,0.141
169528,Robinson,Fulham,DEF,5.0,2.43,2.76,0.0,2.0,6.0,0.021,0.068,0.053,0.189,0.052
194010,Henry,Brentford,DEF,5.0,2.43,2.34,0.0,2.0,6.0,0.004,0.002,0.028,0.262,0.032
547719,L.Miley,Newcastle,MID,5.0,2.42,2.05,0.0,2.0,5.0,0.018,0.044,0.117,0.196,0.088
216051,Dalot,Man Utd,DEF,5.0,2.42,2.57,0.0,2.0,6.0,0.016,0.027,0.061,0.228,0.036
153133,Iwobi,Fulham,MID,5.0,2.42,2.15,0.0,2.0,5.0,0.024,0.052,0.11,0.19,0.117
511499,Tel,Spurs,MID,5.0,2.42,2.16,0.0,2.0,5.0,0.029,0.065,0.062,0.225,0.134
221466,Senesi,Spurs,DEF,5.0,2.42,2.5,0.0,2.0,6.0,0.011,0.017,0.056,0.232,0.038
440089,Damsgaard,Brentford,MID,5.0,2.42,1.9,0.0,2.0,5.0,0.012,0.021,0.162,0.268,0.064
88894,Barkley,Aston Villa,MID,5.0,2.42,2.31,0.0,2.0,5.0,0.031,0.086,0.07,0.141,0.145
215711,Bailey,Aston Villa,MID,5.0,2.42,2.17,0.0,2.0,5.0,0.024,0.051,0.149,0.137,0.112
60307,Groß,Brighton,MID,5.0,2.42,2.07,0.0,2.0,5.0,0.021,0.044,0.128,0.237,0.086
242898,Johnson,Everton,MID,5.0,2.41,2.24,0.0,2.0,4.0,0.032,0.074,0.05,0.181,0.143
513418,Schade,Brentford,MID,5.0,2.41,2.21,0.0,2.0,3.0,0.034,0.072,0.044,0.262,0.141
212319,Richarlison,Spurs,FWD,5.0,2.4,2.46,0.0,2.0,6.0,0.015,0.141,0.028,0.225,0.251
180135,Longstaff,Leeds,MID,5.0,2.4,2.13,0.0,2.0,5.0,0.02,0.055,0.111,0.18,0.101
83299,Dunk,Brighton,DEF,5.0,2.4,2.54,0.0,2.0,6.0,0.012,0.032,0.015,0.233,0.038
532605,Andrey Santos,Man Utd,MID,5.0,2.39,2.19,0.0,2.0,3.0,0.033,0.071,0.041,0.228,0.138
469142,Van Hecke,Spurs,DEF,5.0,2.39,2.55,0.0,1.0,6.0,0.011,0.035,0.015,0.23,0.038
570241,Ji-soo,Brentford,DEF,5.0,2.39,2.27,0.0,2.0,6.0,0.0,0.001,0.0,0.265,0.019
119471,Schär,Newcastle,DEF,5.0,2.39,2.65,0.0,1.0,6.0,0.019,0.051,0.039,0.197,0.04
220237,Botman,Newcastle,DEF,5.0,2.38,2.59,0.0,1.0,6.0,0.013,0.045,0.044,0.199,0.032
469272,Tchaouna,Coventry City,MID,5.0,2.38,2.22,0.0,2.0,5.0,0.033,0.072,0.064,0.139,0.148
550864,Yoro,Man Utd,DEF,5.0,2.38,2.6,0.0,1.0,6.0,0.013,0.036,0.014,0.229,0.036
496221,Wharton,Crystal Palace,MID,5.0,2.38,1.9,0.0,2.0,5.0,0.013,0.025,0.157,0.206,0.062
609873,Armstrong,Everton,MID,5.0,2.38,2.23,0.0,2.0,3.0,0.035,0.081,0.036,0.176,0.148
232928,Garner,Everton,MID,5.0,2.37,1.98,0.0,2.0,5.0,0.017,0.034,0.137,0.179,0.074
221632,Romero,Spurs,DEF,5.0,2.37,2.47,0.0,1.0,6.0,0.009,0.025,0.029,0.232,0.025
463936,Gittens,Chelsea,MID,5.0,2.37,2.07,0.0,2.0,5.0,0.028,0.052,0.084,0.213,0.113
95658,Maguire,Man Utd,DEF,5.0,2.36,2.48,0.0,1.0,6.0,0.007,0.028,0.016,0.229,0.025
456512,Ndoye,Nott'm Forest,MID,5.0,2.36,2.08,0.0,2.0,5.0,0.024,0.056,0.093,0.165,0.105
167074,Tete,Fulham,DEF,5.0,2.36,2.68,0.0,1.0,6.0,0.021,0.043,0.048,0.194,0.052
122806,McGinn,Aston Villa,MID,5.0,2.35,2.07,0.0,2.0,5.0,0.023,0.055,0.096,0.136,0.108
496208,Gannon-Doak,Bournemouth,MID,5.0,2.35,2.32,0.0,2.0,5.0,0.03,0.091,0.077,0.061,0.142
433154,McNeil,Crystal Palace,MID,5.0,2.33,2.14,0.0,2.0,5.0,0.028,0.058,0.077,0.202,0.126
427623,Richards,Crystal Palace,DEF,5.0,2.33,2.64,0.0,1.0,6.0,0.014,0.039,0.033,0.211,0.038
444884,Elliott,Liverpool,MID,5.0,2.33,2.07,0.0,2.0,3.0,0.022,0.076,0.033,0.186,0.12
209036,Guéhi,Man City,DEF,5.0,2.33,2.81,0.0,1.0,6.0,0.021,0.088,0.037,0.158,0.037
491279,Van de Ven,Spurs,DEF,5.0,2.33,2.53,0.0,1.0,6.0,0.009,0.036,0.004,0.228,0.036
244850,Rogers,Chelsea,MID,5.0,2.33,2.09,0.0,2.0,3.0,0.025,0.057,0.064,0.201,0.111
204120,Boscagli,Brighton,DEF,5.0,2.33,2.35,0.0,2.0,6.0,0.004,0.004,0.038,0.237,0.028
651426,Canvot,Crystal Palace,DEF,5.0,2.33,2.62,0.0,1.0,6.0,0.009,0.043,0.018,0.215,0.032
424876,Szoboszlai,Liverpool,MID,5.0,2.32,2.02,0.0,2.0,5.0,0.018,0.041,0.103,0.18,0.083
250199,Dominguez,Nott'm Forest,MID,5.0,2.32,2.16,0.0,2.0,3.0,0.031,0.07,0.043,0.163,0.133
166989,Tielemans,Man Utd,MID,5.0,2.32,1.84,0.0,2.0,5.0,0.015,0.029,0.104,0.224,0.074
502500,Thiago,Brentford,FWD,5.0,2.31,2.25,0.0,2.0,5.0,0.009,0.118,0.026,0.275,0.216
513086,Schuster,Brentford,DEF,5.0,2.31,2.26,0.0,2.0,6.0,0.0,0.0,0.001,0.258,0.018
481655,Zubimendi,Arsenal,MID,5.0,2.31,1.66,0.0,2.0,3.0,0.012,0.032,0.042,0.413,0.053
215136,N.Williams,Nott'm Forest,DEF,5.0,2.3,2.66,0.0,1.0,6.0,0.017,0.043,0.082,0.169,0.05
485337,Guessand,Crystal Palace,MID,5.0,2.3,2.0,0.0,2.0,3.0,0.024,0.064,0.046,0.215,0.109
106611,Keane,Everton,DEF,5.0,2.3,2.73,0.0,1.0,6.0,0.018,0.058,0.018,0.187,0.051
549912,Talbi,Sunderland,MID,5.0,2.3,2.06,0.0,2.0,3.0,0.029,0.057,0.035,0.206,0.125
225796,James,Chelsea,DEF,5.0,2.3,2.57,0.0,1.0,6.0,0.019,0.018,0.077,0.203,0.047
606745,Heaven,Man Utd,DEF,5.0,2.3,2.43,0.0,1.0,6.0,0.008,0.018,0.011,0.235,0.022
221399,Harrison,Leeds,MID,5.0,2.3,1.99,0.0,2.0,3.0,0.024,0.056,0.052,0.181,0.11
494307,Alleyne,Man City,DEF,5.0,2.3,2.92,0.0,1.0,6.0,0.023,0.108,0.023,0.148,0.036
215379,Anderson,Man City,MID,5.0,2.29,1.98,0.0,2.0,4.0,0.018,0.056,0.069,0.156,0.087
550839,Odobert,Spurs,MID,5.0,2.29,2.05,0.0,2.0,3.0,0.025,0.059,0.04,0.227,0.117
232892,Bassey,Fulham,DEF,5.0,2.29,2.64,0.0,1.0,6.0,0.016,0.056,0.005,0.189,0.045
106760,Shaw,Man Utd,DEF,5.0,2.29,2.33,0.0,1.0,6.0,0.003,0.01,0.041,0.233,0.015
536661,Angulo,Sunderland,MID,5.0,2.29,2.25,0.0,2.0,3.0,0.037,0.08,0.013,0.197,0.159
499175,Nwaneri,Arsenal,MID,5.0,2.29,1.84,0.0,2.0,3.0,0.022,0.045,0.019,0.401,0.083
232653,J.Ramsey,Newcastle,MID,5.0,2.29,1.92,0.0,2.0,4.1,0.013,0.042,0.096,0.197,0.069
180974,Joelinton,Newcastle,MID,5.0,2.28,1.99,0.0,2.0,3.0,0.021,0.052,0.067,0.195,0.092
244723,Mitchell,Crystal Palace,DEF,5.0,2.28,2.46,0.0,1.0,6.0,0.013,0.019,0.035,0.215,0.032
209400,Kamada,Crystal Palace,MID,5.0,2.28,1.83,0.0,2.0,4.0,0.013,0.034,0.096,0.214,0.069
590014,Cardines,Crystal Palace,DEF,5.0,2.28,2.54,0.0,1.0,6.0,0.014,0.007,0.093,0.207,0.038
477424,Gvardiol,Man City,DEF,5.0,2.28,2.87,0.0,1.0,6.0,0.023,0.102,0.018,0.146,0.039
500151,Savona,Nott'm Forest,DEF,5.0,2.28,2.74,0.0,1.0,6.0,0.023,0.073,0.034,0.165,0.06
441264,Brobbey,Sunderland,FWD,5.0,2.27,2.23,0.0,2.0,5.0,0.006,0.112,0.016,0.195,0.226
614574,Tóth.A,Bournemouth,MID,5.0,2.27,1.96,0.0,2.0,5.0,0.018,0.033,0.152,0.06,0.072
463067,Georginio,Brighton,FWD,5.0,2.27,2.1,0.0,2.0,5.0,0.009,0.086,0.084,0.233,0.152
441164,Pedro Porro,Spurs,DEF,5.0,2.27,2.4,0.0,1.0,6.0,0.01,0.009,0.06,0.215,0.035
17761,Tarkowski,Everton,DEF,5.0,2.27,2.54,0.0,1.0,6.0,0.015,0.036,0.051,0.183,0.04
463034,Delap,Chelsea,FWD,5.0,2.27,2.19,0.0,2.0,5.0,0.006,0.123,0.011,0.204,0.212
174874,Andersen,Fulham,DEF,5.0,2.27,2.6,0.0,1.0,6.0,0.015,0.038,0.039,0.191,0.052
158499,Christie,Bournemouth,MID,5.0,2.26,2.19,0.0,2.0,5.0,0.025,0.077,0.055,0.061,0.125
135720,Danso,Spurs,DEF,5.0,2.26,2.43,0.0,1.0,6.0,0.008,0.017,0.007,0.228,0.027
460842,Kudus,Spurs,MID,5.0,2.26,1.89,0.0,2.0,3.0,0.019,0.047,0.057,0.23,0.098
232859,Spence,Spurs,DEF,5.0,2.26,2.38,0.0,1.0,6.0,0.007,0.01,0.033,0.226,0.025
223827,Ballard,Sunderland,DEF,5.0,2.25,2.59,0.0,1.0,6.0,0.013,0.041,0.018,0.199,0.044
660392,Uche,Crystal Palace,FWD,5.0,2.25,2.16,0.0,2.0,5.0,0.004,0.124,0.002,0.212,0.214
482609,Gusto,Chelsea,DEF,5.0,2.25,2.47,0.0,1.0,6.0,0.011,0.022,0.057,0.203,0.034
610799,Vuskovic,Brighton,DEF,5.0,2.25,2.21,0.0,2.0,6.0,0.0,0.001,0.001,0.242,0.01
200834,Mukiele,Sunderland,DEF,5.0,2.25,2.48,0.0,1.0,6.0,0.014,0.025,0.052,0.201,0.048
226182,Bogle,Leeds,DEF,5.0,2.25,2.64,0.0,1.0,6.0,0.017,0.043,0.078,0.177,0.051
513466,Röhl,Everton,MID,5.0,2.25,2.07,0.0,2.0,3.0,0.025,0.06,0.039,0.177,0.105
220627,Justin,Leeds,DEF,5.0,2.24,2.68,0.0,1.0,6.0,0.017,0.046,0.031,0.184,0.058
223434,Igor,Brighton,DEF,5.0,2.24,2.22,0.0,2.0,6.0,0.0,0.001,0.001,0.241,0.019
218364,Sosa,Crystal Palace,DEF,5.0,2.24,2.4,0.0,1.0,6.0,0.01,0.018,0.032,0.209,0.028
492859,Gnonto,Leeds,MID,5.0,2.23,1.76,0.0,2.0,4.0,0.013,0.029,0.096,0.18,0.061
577016,Acheampong,Chelsea,DEF,5.0,2.23,2.54,0.0,1.0,6.0,0.013,0.038,0.009,0.208,0.035
75115,Wilson,Brentford,FWD,5.0,2.23,2.19,0.0,2.0,5.0,0.007,0.106,0.025,0.261,0.208
487676,Hume,Sunderland,DEF,5.0,2.23,2.57,0.0,1.0,6.0,0.013,0.029,0.034,0.199,0.053
152551,Lerma,Crystal Palace,MID,5.0,2.23,1.93,0.0,2.0,3.0,0.022,0.052,0.049,0.206,0.094
220566,Rodrigo,Man City,MID,5.0,2.22,1.82,0.0,2.0,3.0,0.014,0.044,0.073,0.16,0.066
432714,McAtee,Nott'm Forest,MID,5.0,2.22,1.79,0.0,2.0,5.0,0.011,0.034,0.097,0.164,0.059
444180,Anthony,Brentford,MID,5.0,2.22,1.82,0.0,2.0,3.0,0.014,0.037,0.061,0.266,0.074
249231,Lewis-Potter,Brentford,MID,5.0,2.22,1.73,0.0,2.0,3.0,0.011,0.026,0.075,0.267,0.06
219168,Isak,Liverpool,FWD,5.0,2.21,2.14,0.0,2.0,2.0,0.009,0.118,0.003,0.184,0.182
221820,Martinez,Man Utd,DEF,5.0,2.21,2.33,0.0,1.0,6.0,0.004,0.008,0.024,0.224,0.018
477064,Lewis,Man City,DEF,5.0,2.21,2.55,0.0,1.0,6.0,0.017,0.025,0.147,0.152,0.026
616221,Souza,Spurs,DEF,5.0,2.21,2.32,0.0,1.0,6.0,0.005,0.006,0.007,0.229,0.022
487053,Udogie,Spurs,DEF,5.0,2.21,2.27,0.0,1.0,6.0,0.003,0.003,0.023,0.23,0.018
204580,Janelt,Brentford,MID,5.0,2.21,1.54,0.0,2.0,3.0,0.006,0.009,0.106,0.269,0.03
451490,Costinha,Brighton,DEF,5.0,2.2,2.2,0.0,1.0,6.0,0.001,0.001,0.002,0.236,0.012
248056,Tanaka,Leeds,MID,5.0,2.2,1.91,0.0,2.0,3.0,0.017,0.043,0.071,0.176,0.085
550090,Coppola,Brighton,DEF,5.0,2.2,2.22,0.0,1.0,6.0,0.001,0.001,0.003,0.237,0.008
503139,Scott,Bournemouth,MID,5.0,2.19,1.89,0.0,2.0,5.0,0.014,0.053,0.075,0.061,0.081
230001,Mazraoui,Man Utd,DEF,5.0,2.18,2.23,0.0,1.0,6.0,0.003,0.003,0.018,0.226,0.009
449428,Jacob,Hull City,DEF,5.0,2.18,2.51,0.0,1.0,6.0,0.013,0.04,0.032,0.177,0.032
661800,McCarthy,Hull City,DEF,5.0,2.18,2.55,0.0,1.0,6.0,0.017,0.048,0.029,0.171,0.03
105717,Masuaku,Sunderland,DEF,5.0,2.18,2.48,0.0,1.0,6.0,0.015,0.021,0.033,0.2,0.035
206915,C.Jones,Liverpool,MID,5.0,2.17,1.81,0.0,2.0,3.0,0.016,0.036,0.067,0.178,0.069
577285,George Hemmings,Aston Villa,MID,5.0,2.17,2.09,0.0,2.0,3.0,0.026,0.073,0.018,0.13,0.114
554197,Rigg,Sunderland,MID,5.0,2.17,1.82,0.0,2.0,3.0,0.015,0.041,0.056,0.193,0.078
501902,Hughes,Hull City,DEF,5.0,2.17,2.49,0.0,1.0,6.0,0.011,0.043,0.029,0.173,0.028
482442,P.M.Sarr,Spurs,MID,5.0,2.16,1.85,0.0,2.0,3.0,0.021,0.044,0.022,0.223,0.09
515621,Chadi Riad,Crystal Palace,DEF,5.0,2.16,2.4,0.0,1.0,6.0,0.007,0.026,0.009,0.207,0.022
454490,Svoboda,Brighton,DEF,5.0,2.16,2.18,0.0,1.0,6.0,0.001,0.001,0.001,0.233,0.009
441191,Livramento,Newcastle,DEF,5.0,2.16,2.23,0.0,1.0,6.0,0.004,0.003,0.055,0.199,0.013
201895,Alderete,Sunderland,DEF,5.0,2.15,2.39,0.0,1.0,6.0,0.007,0.025,0.015,0.2,0.032
204968,Yates,Nott'm Forest,MID,5.0,2.15,1.73,0.0,2.0,3.0,0.016,0.043,0.038,0.168,0.073
220362,Disasi,Chelsea,DEF,5.0,2.15,2.47,0.0,1.0,6.0,0.01,0.03,0.002,0.2,0.04
193278,Coyle,Hull City,DEF,5.0,2.15,2.49,0.0,1.0,6.0,0.013,0.037,0.027,0.178,0.035
640419,Byfield,Spurs,DEF,5.0,2.14,2.18,0.0,1.0,6.0,0.0,0.0,0.001,0.23,0.003
160817,McNair,Hull City,DEF,5.0,2.14,2.43,0.0,1.0,6.0,0.011,0.037,0.029,0.177,0.029
548308,Phillips,Spurs,DEF,5.0,2.14,2.19,0.0,1.0,6.0,0.0,0.0,0.0,0.233,0.005
169359,Targett,Hull City,DEF,5.0,2.14,2.42,0.0,1.0,6.0,0.009,0.04,0.028,0.173,0.028
551210,Hato,Chelsea,DEF,5.0,2.14,2.29,0.0,1.0,6.0,0.005,0.006,0.029,0.209,0.017
78916,Burn,Newcastle,DEF,5.0,2.14,2.35,0.0,1.0,6.0,0.008,0.025,0.015,0.194,0.022
154566,Solanke,Spurs,FWD,5.0,2.14,1.96,0.0,2.0,2.0,0.004,0.093,0.013,0.226,0.172
485047,Morato,Nott'm Forest,DEF,5.0,2.13,2.61,0.0,1.0,6.0,0.015,0.059,0.007,0.163,0.046
653481,Alysson,Aston Villa,MID,5.0,2.13,1.79,0.0,2.0,3.0,0.017,0.044,0.043,0.141,0.079
547701,Gray,Spurs,MID,5.0,2.13,1.7,0.0,2.0,3.0,0.015,0.035,0.03,0.229,0.07
207189,Berge,Fulham,MID,5.0,2.13,1.79,0.0,2.0,3.0,0.021,0.043,0.028,0.198,0.085
146426,Ajayi,Hull City,DEF,5.0,2.13,2.46,0.0,1.0,6.0,0.012,0.035,0.028,0.176,0.04
512462,O'Brien,Everton,DEF,5.0,2.13,2.4,0.0,1.0,6.0,0.011,0.029,0.025,0.18,0.029
108413,Hughes,Crystal Palace,MID,5.0,2.13,1.71,0.0,2.0,3.0,0.013,0.032,0.065,0.206,0.059
180736,Chalobah,Chelsea,DEF,5.0,2.13,2.28,0.0,1.0,6.0,0.004,0.013,0.018,0.209,0.013
547676,Fredricson,Man Utd,DEF,5.0,2.12,2.19,0.0,1.0,6.0,0.0,0.0,0.001,0.229,0.006
432422,Tonali,Spurs,MID,5.0,2.12,1.53,0.0,2.0,3.0,0.008,0.024,0.042,0.233,0.051
577974,Amass,Man Utd,DEF,5.0,2.12,2.18,0.0,1.0,6.0,0.0,0.001,0.001,0.23,0.005
462635,Gelhardt,Hull City,MID,5.0,2.12,1.79,0.0,2.0,3.0,0.022,0.042,0.024,0.173,0.087
232351,Giles,Hull City,DEF,5.0,2.12,2.38,0.0,1.0,6.0,0.007,0.035,0.034,0.171,0.021
108416,Egan,Hull City,DEF,5.0,2.12,2.49,0.0,1.0,6.0,0.015,0.037,0.032,0.169,0.041
599303,Neave,Newcastle,FWD,5.0,2.12,1.99,0.0,2.0,2.0,0.003,0.112,0.002,0.194,0.168
199598,Ampadu,Leeds,MID,5.0,2.12,1.74,0.0,2.0,3.0,0.016,0.039,0.038,0.181,0.072
437499,Lacroix,Chelsea,DEF,5.0,2.12,2.38,0.0,1.0,6.0,0.007,0.025,0.013,0.197,0.024
499716,Rowswell,Spurs,DEF,5.0,2.11,2.18,0.0,1.0,6.0,0.0,0.0,0.0,0.228,0.003
171270,Dowell,Hull City,MID,5.0,2.11,1.78,0.0,2.0,3.0,0.019,0.044,0.03,0.173,0.081
232787,Gallagher,Spurs,MID,5.0,2.11,1.66,0.0,2.0,3.0,0.013,0.037,0.015,0.229,0.072
210462,I.Sangaré,Nott'm Forest,MID,5.0,2.11,1.6,0.0,2.0,3.0,0.007,0.03,0.057,0.17,0.051
570526,Bergvall,Spurs,MID,5.0,2.11,1.68,0.0,2.0,3.0,0.013,0.041,0.017,0.227,0.069
224967,Mykolenko,Everton,DEF,5.0,2.11,2.25,0.0,1.0,6.0,0.006,0.004,0.068,0.179,0.025
490161,Kamara,Hull City,MID,5.0,2.11,1.78,0.0,2.0,3.0,0.017,0.042,0.026,0.173,0.083
469266,Gourna-Douath,Hull City,MID,5.0,2.11,1.75,0.0,2.0,3.0,0.017,0.037,0.033,0.172,0.073
101282,Crooks,Hull City,MID,5.0,2.1,1.76,0.0,2.0,3.0,0.018,0.041,0.025,0.173,0.083
167512,O'Nien,Sunderland,DEF,5.0,2.1,2.33,0.0,1.0,6.0,0.007,0.01,0.013,0.204,0.029
535818,Adingra,Sunderland,MID,5.0,2.1,1.67,0.0,2.0,3.0,0.016,0.026,0.054,0.201,0.067
460028,Colwill,Chelsea,DEF,5.0,2.1,2.2,0.0,1.0,6.0,0.002,0.0,0.024,0.21,0.014
470294,Gyabi,Hull City,MID,5.0,2.1,1.78,0.0,2.0,3.0,0.019,0.037,0.035,0.168,0.08
433590,Drameh,Hull City,DEF,5.0,2.1,2.36,0.0,1.0,6.0,0.007,0.032,0.031,0.174,0.019
213292,Akintola,Hull City,MID,5.0,2.1,1.67,0.0,2.0,3.0,0.014,0.035,0.033,0.169,0.068
247412,Strand Larsen,Crystal Palace,FWD,5.0,2.09,1.88,0.0,2.0,2.0,0.004,0.079,0.022,0.211,0.144
514356,Lavia,Chelsea,MID,5.0,2.09,1.48,0.0,2.0,3.0,0.008,0.018,0.061,0.209,0.037
549074,Watson,Brighton,MID,5.0,2.08,1.64,0.0,2.0,3.0,0.012,0.036,0.029,0.234,0.053
551226,Fernandes,Spurs,MID,5.0,2.08,1.47,0.0,2.0,3.0,0.011,0.022,0.033,0.228,0.043
448514,Aït-Nouri,Man City,DEF,5.0,2.08,2.48,0.0,1.0,6.0,0.013,0.036,0.075,0.15,0.029
552946,Hjertø-Dahl,Hull City,MID,5.0,2.08,1.67,0.0,2.0,3.0,0.015,0.034,0.028,0.17,0.072
465525,Matazo,Hull City,MID,5.0,2.08,1.69,0.0,2.0,3.0,0.015,0.039,0.023,0.173,0.074
444463,Fofana,Chelsea,DEF,5.0,2.08,2.29,0.0,1.0,6.0,0.004,0.011,0.012,0.206,0.015
243413,Slater,Hull City,MID,5.0,2.07,1.74,0.0,2.0,3.0,0.019,0.043,0.024,0.164,0.077
597462,Herrington,Hull City,DEF,5.0,2.07,2.5,0.0,1.0,6.0,0.013,0.035,0.033,0.165,0.029
171287,Gomez,Liverpool,DEF,5.0,2.07,2.42,0.0,1.0,6.0,0.013,0.015,0.053,0.182,0.022
242313,Mingueza,Crystal Palace,DEF,5.0,2.07,2.18,0.0,1.0,6.0,0.0,0.002,0.001,0.217,0.009
499169,Lewis-Skelly,Arsenal,MID,5.0,2.06,1.2,0.0,2.0,3.0,0.003,0.004,0.017,0.414,0.009
608227,Stroud,Hull City,MID,5.0,2.06,1.65,0.0,2.0,3.0,0.016,0.039,0.024,0.17,0.072
531442,Fatawu,Ipswich Town,MID,5.0,2.06,1.21,0.0,2.0,3.0,0.004,0.008,0.012,0.338,0.018
535301,Baleba,Brighton,MID,5.0,2.06,1.57,0.0,2.0,3.0,0.011,0.028,0.032,0.23,0.05
97032,Virgil,Liverpool,DEF,5.0,2.06,2.38,0.0,1.0,6.0,0.008,0.025,0.026,0.184,0.021
128295,Nørgaard,Everton,MID,5.0,2.06,1.8,0.0,2.0,3.0,0.017,0.04,0.035,0.178,0.074
480455,Branthwaite,Everton,DEF,5.0,2.06,2.3,0.0,1.0,6.0,0.006,0.024,0.006,0.182,0.019
243526,Gudmundsson,Leeds,DEF,5.0,2.06,2.4,0.0,1.0,6.0,0.011,0.019,0.066,0.171,0.038
243016,Mac Allister,Liverpool,MID,5.0,2.06,1.63,0.0,2.0,3.0,0.012,0.035,0.033,0.18,0.059
216094,Frimpong,Liverpool,DEF,5.0,2.05,2.28,0.0,1.0,6.0,0.006,0.009,0.067,0.18,0.017
232112,Ugarte,Man Utd,MID,5.0,2.05,1.65,0.0,2.0,3.0,0.018,0.033,0.009,0.223,0.065
606930,Mendy,Hull City,DEF,5.0,2.05,2.39,0.0,1.0,6.0,0.011,0.028,0.026,0.171,0.019
109646,Tosin,Chelsea,DEF,5.0,2.05,2.19,0.0,1.0,6.0,0.004,0.002,0.016,0.206,0.012
84450,Xhaka,Sunderland,MID,5.0,2.05,1.48,0.0,2.0,3.0,0.005,0.011,0.064,0.203,0.035
246301,J.Cuenca,Fulham,DEF,5.0,2.05,2.17,0.0,1.0,6.0,0.003,0.005,0.028,0.19,0.016
445028,Morita,Hull City,MID,5.0,2.04,1.63,0.0,2.0,3.0,0.014,0.034,0.028,0.167,0.062
232905,Millar,Hull City,MID,5.0,2.04,1.68,0.0,2.0,3.0,0.017,0.036,0.029,0.169,0.069
208481,Ömür,Hull City,MID,5.0,2.03,1.59,0.0,2.0,3.0,0.013,0.033,0.029,0.17,0.064
496661,Dibling,Everton,MID,5.0,2.03,1.62,0.0,2.0,3.0,0.013,0.034,0.025,0.179,0.061
575458,Jair Cunha,Nott'm Forest,DEF,5.0,2.03,2.35,0.0,1.0,6.0,0.009,0.029,0.012,0.173,0.03
470315,Netz,Nott'm Forest,DEF,5.0,2.03,2.23,0.0,1.0,6.0,0.006,0.002,0.085,0.168,0.019
516895,Mainoo,Man Utd,MID,5.0,2.03,1.41,0.0,2.0,3.0,0.006,0.013,0.046,0.227,0.033
540324,Belloumi,Hull City,MID,5.0,2.03,1.62,0.0,2.0,3.0,0.013,0.034,0.027,0.171,0.061
232457,Mehmeti,Ipswich Town,MID,5.0,2.03,1.26,0.0,2.0,3.0,0.004,0.01,0.012,0.331,0.018
474120,Enciso,Ipswich Town,MID,5.0,2.03,1.19,0.0,2.0,3.0,0.003,0.008,0.015,0.327,0.015
622758,Anselmino,Chelsea,DEF,5.0,2.03,2.12,0.0,1.0,6.0,0.0,0.0,0.0,0.209,0.006
56979,Henderson,Chelsea,MID,5.0,2.02,1.22,0.0,2.0,3.0,0.002,0.003,0.059,0.208,0.012
242880,B.Badiashile,Chelsea,DEF,5.0,2.02,2.16,0.0,1.0,6.0,0.001,0.0,0.008,0.206,0.006
442967,Maeda,Ipswich Town,MID,5.0,2.02,1.21,0.0,2.0,3.0,0.005,0.006,0.013,0.334,0.018
434399,Reinildo,Sunderland,DEF,5.0,2.02,2.17,0.0,1.0,6.0,0.003,0.003,0.017,0.193,0.017
553783,Zambrano,Hull City,MID,5.0,2.02,1.6,0.0,2.0,3.0,0.012,0.03,0.029,0.173,0.059
465694,N.Gonzalez,Man City,MID,5.0,2.02,1.62,0.0,2.0,3.0,0.011,0.035,0.027,0.151,0.058
434752,Bijol,Leeds,DEF,5.0,2.02,2.31,0.0,1.0,6.0,0.006,0.021,0.026,0.178,0.031
490094,Iroegbunam,Everton,MID,5.0,2.02,1.44,0.0,2.0,3.0,0.009,0.02,0.035,0.185,0.04
241117,Matusiwa,Ipswich Town,MID,5.0,2.01,1.18,0.0,2.0,3.0,0.004,0.007,0.011,0.334,0.013
501390,Núñez,Ipswich Town,MID,5.0,2.01,1.21,0.0,2.0,3.0,0.004,0.006,0.013,0.331,0.015
172453,Szmodics,Ipswich Town,MID,5.0,2.01,1.2,0.0,2.0,3.0,0.003,0.006,0.018,0.327,0.013
231899,Taylor,Ipswich Town,MID,5.0,2.01,1.24,0.0,2.0,3.0,0.004,0.006,0.015,0.329,0.018
223723,Tomiyasu,Crystal Palace,DEF,5.0,2.01,2.13,0.0,1.0,6.0,0.0,0.001,0.001,0.207,0.009
508395,Yarmoliuk,Brentford,MID,5.0,2.0,1.3,0.0,2.0,3.0,0.006,0.009,0.028,0.263,0.021
439509,Tzolis,Arsenal,MID,5.0,2.0,1.02,0.0,2.0,3.0,0.0,0.001,0.001,0.415,0.0
438098,Fábio Vieira,Arsenal,MID,5.0,2.0,1.02,0.0,2.0,3.0,0.0,0.001,0.001,0.411,0.001
449871,Onana,Aston Villa,MID,5.0,2.0,1.68,0.0,2.0,3.0,0.015,0.038,0.018,0.13,0.07
620109,Palestra,Chelsea,DEF,5.0,2.0,2.12,0.0,1.0,6.0,0.0,0.001,0.0,0.206,0.009
498444,Chavarria,Chelsea,DEF,5.0,2.0,2.14,0.0,1.0,6.0,0.0,0.001,0.001,0.209,0.005
486672,Caicedo,Chelsea,MID,5.0,1.99,1.37,0.0,2.0,3.0,0.006,0.015,0.04,0.203,0.027
463726,Dedić,Newcastle,DEF,5.0,1.99,2.09,0.0,1.0,6.0,0.0,0.0,0.001,0.2,0.004
570794,Khalaili,Crystal Palace,DEF,5.0,1.99,2.14,0.0,1.0,6.0,0.0,0.001,0.0,0.206,0.006
443261,Clarke,Ipswich Town,MID,5.0,1.99,1.26,0.0,2.0,3.0,0.004,0.011,0.011,0.326,0.018
461587,McAteer,Ipswich Town,MID,5.0,1.99,1.16,0.0,2.0,3.0,0.002,0.006,0.011,0.332,0.011
544877,Kerkez,Liverpool,DEF,5.0,1.99,2.25,0.0,1.0,6.0,0.005,0.018,0.013,0.18,0.011
229164,Ogbene,Ipswich Town,MID,5.0,1.99,1.17,0.0,2.0,3.0,0.003,0.004,0.015,0.325,0.011
553746,Shahar,Newcastle,DEF,5.0,1.98,2.07,0.0,1.0,6.0,0.0,0.001,0.001,0.196,0.006
243571,Patterson,Everton,DEF,5.0,1.98,2.24,0.0,1.0,6.0,0.006,0.011,0.012,0.181,0.021
492777,Bradley,Liverpool,DEF,5.0,1.98,2.27,0.0,1.0,6.0,0.006,0.004,0.048,0.182,0.018
519634,Seelt,Sunderland,DEF,5.0,1.98,2.11,0.0,1.0,6.0,0.001,0.001,0.002,0.199,0.006
149929,Burns,Ipswich Town,MID,5.0,1.98,1.2,0.0,2.0,3.0,0.004,0.009,0.01,0.32,0.015
577669,Sadiki,Sunderland,MID,5.0,1.98,1.36,0.0,2.0,3.0,0.005,0.018,0.019,0.205,0.035
441302,Maatsen,Aston Villa,DEF,5.0,1.97,2.46,0.0,1.0,6.0,0.015,0.038,0.065,0.137,0.05
699989,Jocelin.T,Sunderland,MID,5.0,1.97,1.21,0.0,2.0,3.0,0.0,0.001,0.06,0.201,0.01
214225,Rodon,Leeds,DEF,5.0,1.97,2.39,0.0,1.0,6.0,0.006,0.024,0.011,0.176,0.037
547686,De Fougerolles,Fulham,DEF,5.0,1.97,2.09,0.0,1.0,6.0,0.0,0.002,0.0,0.193,0.007
481624,Philogene,Ipswich Town,MID,5.0,1.97,1.14,0.0,2.0,3.0,0.003,0.005,0.011,0.327,0.011
486520,Gruev,Leeds,MID,5.0,1.97,1.37,0.0,2.0,3.0,0.005,0.013,0.046,0.183,0.028
437738,Bornauw,Leeds,DEF,5.0,1.96,2.34,0.0,1.0,6.0,0.006,0.025,0.003,0.177,0.03
545477,A.Murphy,Newcastle,DEF,5.0,1.95,2.08,0.0,1.0,6.0,0.001,0.001,0.002,0.193,0.004
93605,Meunier,Sunderland,DEF,5.0,1.95,2.12,0.0,1.0,6.0,0.001,0.002,0.0,0.193,0.01
448089,Gomes,Aston Villa,MID,5.0,1.95,1.39,0.0,2.0,3.0,0.005,0.018,0.042,0.14,0.029
578153,Khusanov,Man City,DEF,5.0,1.95,2.22,0.0,1.0,6.0,0.005,0.025,0.049,0.151,0.009
606921,Esse,Crystal Palace,MID,5.0,1.94,1.21,0.0,2.0,3.0,0.001,0.001,0.06,0.206,0.005
477547,Hjelde,Sunderland,DEF,5.0,1.94,2.09,0.0,1.0,6.0,0.0,0.0,0.001,0.197,0.007
159506,Aina,Nott'm Forest,DEF,5.0,1.94,2.2,0.0,1.0,6.0,0.004,0.013,0.035,0.166,0.018
524180,Humphreys,Ipswich Town,MID,5.0,1.93,1.15,0.0,2.0,3.0,0.002,0.004,0.013,0.32,0.009
547037,J.Fletcher,Man Utd,MID,5.0,1.92,1.34,0.0,2.0,3.0,0.01,0.015,0.007,0.22,0.034
499300,Aznou,Everton,DEF,5.0,1.92,2.05,0.0,1.0,6.0,0.0,0.001,0.002,0.183,0.01
202993,Bentancur,Spurs,MID,5.0,1.92,1.24,0.0,2.0,3.0,0.003,0.01,0.017,0.224,0.022
441266,Gravenberch,Liverpool,MID,5.0,1.92,1.41,0.0,2.0,3.0,0.007,0.016,0.029,0.18,0.029
576620,Bendito Mantato,Man Utd,MID,5.0,1.92,1.13,0.0,2.0,3.0,0.0,0.001,0.043,0.22,0.003
519913,Fletcher,Man Utd,MID,5.0,1.9,1.15,0.0,2.0,3.0,0.001,0.001,0.036,0.223,0.007
40383,Forster,Bournemouth,GK,5.0,1.9,1.85,0.0,2.0,4.0,0.005,0.001,0.001,0.063,0.099
101188,Digne,Aston Villa,DEF,5.0,1.9,2.34,0.0,1.0,6.0,0.011,0.017,0.084,0.14,0.034
543295,Milambo,Brentford,MID,5.0,1.89,1.08,0.0,2.0,3.0,0.001,0.001,0.017,0.263,0.004
499726,Olusesi,Spurs,MID,5.0,1.89,1.05,0.0,2.0,3.0,0.0,0.0,0.029,0.221,0.004
169432,McBurnie,Hull City,FWD,5.0,1.89,1.6,0.0,2.0,2.0,0.003,0.046,0.026,0.174,0.088
227444,Milenković,Nott'm Forest,DEF,5.0,1.89,2.17,0.0,1.0,6.0,0.005,0.01,0.016,0.167,0.018
597320,Howell,Brighton,MID,5.0,1.89,1.03,0.0,2.0,3.0,0.0,0.0,0.019,0.239,0.003
575476,Murillo,Nott'm Forest,DEF,5.0,1.88,2.22,0.0,1.0,6.0,0.006,0.019,0.014,0.158,0.021
489580,Ramsay,Liverpool,DEF,5.0,1.88,2.07,0.0,1.0,6.0,0.001,0.001,0.002,0.188,0.002
534392,Burstow,Hull City,FWD,5.0,1.88,1.47,0.0,2.0,2.0,0.002,0.037,0.025,0.177,0.071
226944,Kamara,Aston Villa,MID,5.0,1.88,1.41,0.0,2.0,3.0,0.008,0.02,0.028,0.133,0.035
643970,Lienou,Leeds,DEF,5.0,1.87,2.1,0.0,1.0,6.0,0.001,0.001,0.001,0.185,0.011
171314,Rúben,Man City,DEF,5.0,1.87,2.18,0.0,1.0,6.0,0.004,0.019,0.011,0.159,0.011
513545,M.Sangaré,Brentford,MID,5.0,1.86,0.94,0.0,2.0,3.0,0.0,0.0,0.001,0.263,0.001
444172,Dennis,Bournemouth,GK,5.0,1.86,1.88,0.0,2.0,4.0,0.006,0.001,0.001,0.066,0.091
465351,Matheus N.,Man City,DEF,5.0,1.86,2.11,0.0,1.0,6.0,0.004,0.009,0.034,0.154,0.011
500957,Destan,Hull City,FWD,5.0,1.86,1.47,0.0,2.0,2.0,0.001,0.038,0.031,0.176,0.067
606702,Jacquet,Liverpool,DEF,5.0,1.85,2.06,0.0,1.0,6.0,0.001,0.0,0.001,0.182,0.001
457569,Petrović,Bournemouth,GK,5.0,1.85,1.81,0.0,2.0,3.0,0.004,0.0,0.002,0.06,0.094
556637,Oriola,Brighton,MID,5.0,1.84,0.93,0.0,2.0,3.0,0.0,0.0,0.001,0.237,0.0
700308,Yohanna,Brighton,MID,5.0,1.84,0.95,0.0,2.0,3.0,0.001,0.001,0.001,0.233,0.001
158983,Endo,Liverpool,MID,5.0,1.84,1.12,0.0,2.0,3.0,0.003,0.007,0.015,0.176,0.012
612855,Osman,Brighton,MID,5.0,1.83,0.94,0.0,2.0,3.0,0.0,0.001,0.001,0.232,0.001
176297,Rashford,Man Utd,MID,5.0,1.83,0.98,0.0,2.0,3.0,0.001,0.001,0.002,0.227,0.003
214285,Tsimikas,Liverpool,DEF,5.0,1.83,2.02,0.0,1.0,6.0,0.0,0.001,0.001,0.178,0.003
491007,D.Essugo,Chelsea,MID,5.0,1.82,1.0,0.0,2.0,3.0,0.0,0.002,0.015,0.203,0.001
611695,Yalcouyé,Brighton,MID,5.0,1.82,0.95,0.0,2.0,3.0,0.0,0.001,0.0,0.23,0.001
244954,Pau,Aston Villa,DEF,5.0,1.82,2.36,0.0,1.0,6.0,0.009,0.035,0.01,0.141,0.032
559152,Gozo,Crystal Palace,MID,5.0,1.82,0.92,0.0,2.0,3.0,0.001,0.001,0.0,0.21,0.002
438464,Doucouré,Crystal Palace,MID,5.0,1.82,0.93,0.0,2.0,3.0,0.0,0.002,0.001,0.209,0.001
490881,Collyer,Man Utd,MID,5.0,1.82,0.95,0.0,2.0,3.0,0.001,0.001,0.001,0.226,0.001
611917,Williams-Barnett,Spurs,MID,5.0,1.82,0.96,0.0,2.0,3.0,0.001,0.001,0.001,0.225,0.002
632794,Bamba,Newcastle,MID,5.0,1.81,0.89,0.0,2.0,3.0,0.0,0.0,0.001,0.197,0.001
200785,Adams,Bournemouth,MID,5.0,1.81,1.2,0.0,2.0,2.0,0.003,0.015,0.029,0.061,0.019
445087,Araujo,Liverpool,DEF,5.0,1.81,2.05,0.0,1.0,6.0,0.0,0.001,0.001,0.177,0.001
149484,Mings,Aston Villa,DEF,5.0,1.81,2.35,0.0,1.0,6.0,0.01,0.039,0.013,0.138,0.026
445044,Kulusevski,Spurs,MID,5.0,1.81,0.95,0.0,2.0,3.0,0.0,0.001,0.002,0.222,0.002
593117,Quenda,Chelsea,MID,5.0,1.81,0.93,0.0,2.0,3.0,0.001,0.001,0.001,0.203,0.002
465920,Mudryk,Chelsea,MID,5.0,1.81,0.92,0.0,2.0,3.0,0.0,0.0,0.001,0.204,0.0
522047,Muharemović,Leeds,DEF,5.0,1.81,2.06,0.0,1.0,6.0,0.0,0.001,0.0,0.176,0.008
672492,Drakes-Thomas,Crystal Palace,MID,5.0,1.81,0.95,0.0,2.0,3.0,0.001,0.001,0.001,0.208,0.003
491501,McConnell,Liverpool,MID,5.0,1.8,0.88,0.0,2.0,3.0,0.0,0.0,0.001,0.18,0.0
519440,Lucky,Liverpool,DEF,5.0,1.8,2.06,0.0,1.0,6.0,0.0,0.0,0.001,0.178,0.0
611665,Touré,Newcastle,MID,5.0,1.8,0.94,0.0,2.0,3.0,0.001,0.001,0.001,0.193,0.002
549067,Abbott,Nott'm Forest,DEF,5.0,1.8,2.04,0.0,1.0,6.0,0.001,0.001,0.004,0.167,0.011
173774,Elvedi,Leeds,DEF,5.0,1.8,2.07,0.0,1.0,6.0,0.001,0.001,0.001,0.173,0.018
647681,Leoni,Liverpool,DEF,5.0,1.8,2.03,0.0,1.0,6.0,0.0,0.001,0.0,0.173,0.001
631786,Kusi-Asare,Fulham,FWD,5.0,1.8,1.13,0.0,2.0,2.0,0.001,0.001,0.074,0.184,0.01
543158,Barco,Chelsea,MID,5.0,1.8,0.91,0.0,2.0,3.0,0.0,0.001,0.0,0.204,0.0
499721,Moore,Spurs,MID,5.0,1.8,0.98,0.0,2.0,3.0,0.001,0.001,0.0,0.23,0.003
204822,O.Richards,Nott'm Forest,DEF,5.0,1.79,1.97,0.0,1.0,6.0,0.0,0.0,0.002,0.164,0.006
536694,M.França,Crystal Palace,MID,5.0,1.79,0.95,0.0,2.0,3.0,0.001,0.001,0.001,0.206,0.002
450542,J.Rak-Sakyi,Crystal Palace,MID,5.0,1.79,0.93,0.0,2.0,3.0,0.0,0.0,0.001,0.208,0.001
636852,Steur,Newcastle,MID,5.0,1.79,0.9,0.0,2.0,3.0,0.0,0.0,0.001,0.198,0.0
244860,Hackney,Everton,MID,5.0,1.79,0.93,0.0,2.0,3.0,0.001,0.001,0.001,0.177,0.003
661888,Yirenkyi,Coventry City,MID,5.0,1.79,0.89,0.0,2.0,3.0,0.001,0.001,0.004,0.142,0.003
535928,Bajcetic,Liverpool,MID,5.0,1.79,0.89,0.0,2.0,3.0,0.0,0.001,0.001,0.183,0.0
155408,Cook,Bournemouth,MID,5.0,1.79,1.1,0.0,2.0,2.0,0.0,0.003,0.044,0.061,0.011
571779,Palacios,Fulham,MID,5.0,1.79,0.92,0.0,2.0,3.0,0.0,0.001,0.002,0.193,0.001
649208,Monga,Man City,MID,5.0,1.78,0.87,0.0,2.0,3.0,0.0,0.001,0.001,0.157,0.0
538638,Bindon,Nott'm Forest,DEF,5.0,1.78,2.0,0.0,1.0,6.0,0.0,0.0,0.0,0.167,0.006
199796,Cash,Aston Villa,DEF,5.0,1.78,2.27,0.0,1.0,6.0,0.009,0.019,0.044,0.137,0.031
514514,Koumas,Liverpool,MID,5.0,1.78,0.91,0.0,2.0,3.0,0.0,0.0,0.001,0.185,0.0
592740,Cresswell,Leeds,MID,5.0,1.77,0.94,0.0,2.0,3.0,0.001,0.001,0.0,0.174,0.002
463210,Charles,Fulham,MID,5.0,1.77,0.97,0.0,2.0,3.0,0.001,0.002,0.001,0.186,0.004
196100,Hamer,Coventry City,MID,5.0,1.76,0.86,0.0,2.0,3.0,0.0,0.001,0.002,0.14,0.001
155405,Phillips,Man City,MID,5.0,1.76,0.87,0.0,2.0,3.0,0.0,0.001,0.0,0.155,0.001
515597,Bogarde,Aston Villa,MID,5.0,1.76,0.97,0.0,2.0,3.0,0.0,0.001,0.013,0.133,0.003
492498,Borges Rodrigues,Coventry City,MID,5.0,1.76,0.92,0.0,2.0,3.0,0.0,0.001,0.003,0.147,0.002
241293,Mason-Clark,Coventry City,MID,5.0,1.76,0.87,0.0,2.0,3.0,0.001,0.001,0.002,0.142,0.002
501459,Sakamoto,Coventry City,MID,5.0,1.76,1.01,0.0,2.0,3.0,0.003,0.003,0.002,0.139,0.009
568420,Diomande,Nott'm Forest,DEF,5.0,1.75,2.0,0.0,1.0,6.0,0.0,0.0,0.001,0.166,0.005
575204,Echeverri,Man City,MID,5.0,1.75,0.94,0.0,2.0,3.0,0.001,0.001,0.0,0.156,0.003
614071,Manzambi,Aston Villa,MID,5.0,1.75,0.85,0.0,2.0,3.0,0.0,0.0,0.001,0.137,0.0
490145,Scarlett,Spurs,FWD,5.0,1.75,1.02,0.0,2.0,2.0,0.0,0.001,0.051,0.232,0.008
480457,Rudoni,Coventry City,MID,5.0,1.75,0.88,0.0,2.0,3.0,0.0,0.001,0.0,0.141,0.002
571380,Lynch,Aston Villa,MID,5.0,1.74,0.86,0.0,2.0,3.0,0.0,0.0,0.001,0.134,0.0
204561,Schlager,Nott'm Forest,MID,5.0,1.74,0.95,0.0,2.0,3.0,0.001,0.002,0.001,0.159,0.004
629397,Andrews,Coventry City,MID,5.0,1.74,0.91,0.0,2.0,3.0,0.0,0.002,0.001,0.139,0.002
439668,Eccles,Coventry City,MID,5.0,1.74,0.89,0.0,2.0,3.0,0.001,0.001,0.002,0.139,0.002
226965,Torp,Coventry City,MID,5.0,1.74,0.93,0.0,2.0,3.0,0.001,0.002,0.001,0.145,0.003
551499,Munoz,Liverpool,MID,5.0,1.74,0.91,0.0,2.0,3.0,0.0,0.0,0.001,0.173,0.0
645618,Burrowes,Aston Villa,MID,5.0,1.73,0.87,0.0,2.0,3.0,0.0,0.001,0.001,0.134,0.001
684268,Shepherd,Coventry City,MID,5.0,1.72,0.95,0.0,2.0,3.0,0.001,0.001,0.003,0.135,0.004
168144,Grimes,Coventry City,MID,5.0,1.72,0.92,0.0,2.0,3.0,0.001,0.001,0.0,0.14,0.003
469247,Iling Jr,Aston Villa,MID,5.0,1.72,0.88,0.0,2.0,3.0,0.0,0.001,0.0,0.137,0.001
616222,Vitor Reis,Man City,DEF,5.0,1.72,1.96,0.0,1.0,6.0,0.0,0.001,0.001,0.159,0.005
557012,Walle Egeli,Ipswich Town,FWD,5.0,1.68,0.89,0.0,2.0,2.0,0.0,0.004,0.013,0.333,0.007
147675,Akpom,Ipswich Town,FWD,5.0,1.67,0.99,0.0,2.0,2.0,0.0,0.006,0.016,0.324,0.017
462387,Al-Hamadi,Ipswich Town,FWD,5.0,1.67,0.99,0.0,2.0,2.0,0.0,0.007,0.016,0.322,0.015
543968,Emersonn,Ipswich Town,FWD,5.0,1.67,0.96,0.0,2.0,2.0,0.001,0.007,0.013,0.331,0.013
222625,Hirst,Ipswich Town,FWD,5.0,1.64,0.89,0.0,2.0,2.0,0.0,0.004,0.007,0.322,0.008
627221,Cherif,Coventry City,FWD,5.0,1.62,0.78,0.0,2.0,2.0,0.0,0.001,0.001,0.14,0.004
596047,Obi,Man Utd,FWD,5.0,1.62,0.8,0.0,2.0,2.0,0.0,0.002,0.001,0.234,0.005
690838,Madjo,Aston Villa,FWD,5.0,1.61,0.74,0.0,2.0,2.0,0.0,0.001,0.001,0.139,0.001
184667,Lindelöf,Aston Villa,DEF,5.0,1.61,1.98,0.0,1.0,6.0,0.002,0.009,0.005,0.134,0.015
551466,Gonzalo,Fulham,FWD,5.0,1.61,0.76,0.0,2.0,2.0,0.0,0.001,0.001,0.193,0.002
565297,Mateo Joseph,Leeds,FWD,5.0,1.6,0.77,0.0,2.0,2.0,0.0,0.001,0.001,0.176,0.002
220583,Woolfenden,Coventry City,DEF,5.0,1.6,1.93,0.0,1.0,6.0,0.0,0.001,0.001,0.138,0.011
487117,Ferguson,Brighton,FWD,5.0,1.6,0.73,0.0,2.0,2.0,0.0,0.001,0.0,0.234,0.0
465390,Kesler-Hayden,Coventry City,DEF,5.0,1.6,1.96,0.0,1.0,6.0,0.001,0.001,0.0,0.143,0.009
218997,Simms,Coventry City,FWD,5.0,1.6,0.78,0.0,2.0,2.0,0.0,0.001,0.001,0.141,0.003
567119,Mheuka,Chelsea,FWD,5.0,1.6,0.74,0.0,2.0,2.0,0.0,0.001,0.0,0.214,0.001
549653,Bassette,Coventry City,FWD,5.0,1.59,0.78,0.0,2.0,2.0,0.0,0.001,0.002,0.135,0.002
551262,Markelo,Coventry City,FWD,5.0,1.59,0.77,0.0,2.0,2.0,0.0,0.001,0.001,0.141,0.002
80178,Bidwell,Coventry City,DEF,5.0,1.59,1.94,0.0,1.0,6.0,0.001,0.002,0.002,0.141,0.007
204813,Latibeaudiere,Coventry City,DEF,5.0,1.59,1.95,0.0,1.0,6.0,0.001,0.001,0.002,0.139,0.013
523700,Jebbison,Bournemouth,FWD,5.0,1.59,0.76,0.0,2.0,2.0,0.0,0.0,0.001,0.063,0.0
593174,Furo,Brentford,FWD,5.0,1.59,0.77,0.0,2.0,2.0,0.0,0.002,0.001,0.265,0.002
538007,David,Brighton,FWD,5.0,1.59,0.75,0.0,2.0,2.0,0.0,0.0,0.001,0.229,0.0
517052,N.Jackson,Chelsea,FWD,5.0,1.59,0.74,0.0,2.0,2.0,0.0,0.0,0.001,0.207,0.0
561245,Rodríguez,Bournemouth,FWD,5.0,1.59,0.75,0.0,2.0,2.0,0.0,0.001,0.001,0.062,0.0
606798,A.García,Aston Villa,DEF,5.0,1.59,1.94,0.0,1.0,6.0,0.001,0.001,0.005,0.14,0.006
500058,Danns,Liverpool,FWD,5.0,1.58,0.77,0.0,2.0,2.0,0.0,0.001,0.002,0.175,0.0
176412,Wright,Coventry City,FWD,5.0,1.58,0.75,0.0,2.0,2.0,0.0,0.0,0.001,0.137,0.0
503037,Emegha,Chelsea,FWD,5.0,1.58,0.76,0.0,2.0,2.0,0.0,0.0,0.001,0.205,0.0
230730,Thomas-Asante,Coventry City,FWD,5.0,1.57,0.78,0.0,2.0,2.0,0.0,0.001,0.001,0.137,0.0
451284,van Ewijk,Coventry City,DEF,5.0,1.56,1.93,0.0,1.0,6.0,0.001,0.001,0.001,0.136,0.012
461102,Thomas,Coventry City,DEF,5.0,1.56,1.92,0.0,1.0,6.0,0.0,0.0,0.001,0.14,0.004
578545,Nedeljkovic,Aston Villa,DEF,5.0,1.56,1.92,0.0,1.0,6.0,0.001,0.002,0.001,0.135,0.009
487992,Ruggeri,Aston Villa,DEF,5.0,1.56,1.92,0.0,1.0,6.0,0.001,0.002,0.0,0.136,0.005
539142,Amenda,Coventry City,DEF,5.0,1.55,1.95,0.0,1.0,6.0,0.001,0.001,0.001,0.135,0.014
436761,Kitching,Coventry City,DEF,5.0,1.55,1.92,0.0,1.0,6.0,0.0,0.0,0.003,0.138,0.004
173878,Dasilva,Coventry City,DEF,5.0,1.54,1.89,0.0,1.0,6.0,0.0,0.0,0.002,0.136,0.005
569577,Rowe,Aston Villa,DEF,5.0,1.53,1.89,0.0,1.0,6.0,0.0,0.001,0.001,0.134,0.005
577411,Brau,Coventry City,DEF,5.0,1.52,1.87,0.0,1.0,6.0,0.0,0.001,0.001,0.13,0.006
494521,Truffert,Bournemouth,DEF,5.0,1.15,1.85,0.0,1.0,3.0,0.003,0.013,0.049,0.064,0.011
463981,Hill,Bournemouth,DEF,5.0,1.12,1.81,0.0,1.0,2.0,0.003,0.014,0.033,0.062,0.01
620487,Milosavljević,Bournemouth,DEF,5.0,1.08,1.76,0.0,1.0,2.0,0.001,0.015,0.031,0.064,0.004
54469,Smith,Bournemouth,DEF,5.0,0.97,1.62,0.0,1.0,2.0,0.001,0.001,0.012,0.062,0.004
242882,Diakité,Bournemouth,DEF,5.0,0.96,1.59,0.0,1.0,2.0,0.001,0.0,0.01,0.062,0.003
494928,Sanchez,Bournemouth,DEF,5.0,0.95,1.55,0.0,1.0,2.0,0.0,0.0,0.0,0.061,0.003
436893,J.Araujo,Bournemouth,DEF,5.0,0.93,1.56,0.0,1.0,2.0,0.0,0.0,0.002,0.062,0.003
483067,Silva,Bournemouth,DEF,5.0,0.93,1.53,0.0,1.0,2.0,0.0,0.001,0.001,0.059,0.004
575901,Soler,Bournemouth,DEF,5.0,0.92,1.54,0.0,1.0,2.0,0.0,0.001,0.001,0.061,0.004
